thread_id,Majority Decision,country,image,predicted_label,confidence,valid_image,prob_Inside,prob_NotApplicable,prob_Outside
DSiKM6WEVCz,Inside,usa,/content/drive/MyDrive/Forschungsseminar_Computergestützte_Analyse_Sozialer_Medien/Daten/RAW/Posts/DSiKM6WEVCz.jpg,Inside,0.8753975,True,0.8753975,0.026939955,0.09766247
DRPukA1EQce,Inside,usa,/content/drive/MyDrive/Forschungsseminar_Computergestützte_Analyse_Sozialer_Medien/Daten/RAW/Posts/DRPukA1EQce.jpg,Inside,0.6756902,True,0.6756902,0.018743575,0.30556622
DQMqoqgkR2s,Inside,usa,/content/drive/MyDrive/Forschungsseminar_Computergestützte_Analyse_Sozialer_Medien/Daten/RAW/Posts/DQMqoqgkR2s.jpg,Inside,0.8080934,True,0.8080934,0.016392948,0.17551357
DUoC5HZEf9u,Inside,usa,/content/drive/MyDrive/Forschungsseminar_Computergestützte_Analyse_Sozialer_Medien/Daten/RAW/Posts/DUoC5HZEf9u.jpg,Inside,0.8362267,True,0.8362267,0.10487882,0.058894478
DP6imYIEZla,Inside,usa,/content/drive/MyDrive/Forschungsseminar_Computergestützte_Analyse_Sozialer_Medien/Daten/RAW/Posts/DP6imYIEZla.jpg,Inside,0.9816855,True,0.9816855,0.014395433,0.0039189328
DQuTscIEf98,Inside,usa,/content/drive/MyDrive/Forschungsseminar_Computergestützte_Analyse_Sozialer_Medien/Daten/RAW/Posts/DQuTscIEf98.jpg,Inside,0.9955942,True,0.9955942,0.0034684674,0.00093742134
DQUV4xskRKp,Inside,usa,/content/drive/MyDrive/Forschungsseminar_Computergestützte_Analyse_Sozialer_Medien/Daten/RAW/Posts/DQUV4xskRKp.jpg,Inside,0.996911,True,0.996911,0.00046761162,0.0026214356
DUV4eyXkRvv,Inside,usa,/content/drive/MyDrive/Forschungsseminar_Computergestützte_Analyse_Sozialer_Medien/Daten/RAW/Posts/DUV4eyXkRvv.jpg,Inside,0.9565571,True,0.9565571,0.006763259,0.036679573
DPwXHnUkQas,Inside,usa,/content/drive/MyDrive/Forschungsseminar_Computergestützte_Analyse_Sozialer_Medien/Daten/RAW/Posts/DPwXHnUkQas.jpg,Inside,0.9881833,True,0.9881833,0.008315229,0.003501508
Cr0-UaeLxGB,NotApplicable,usa,/content/drive/MyDrive/Forschungsseminar_Computergestützte_Analyse_Sozialer_Medien/Daten/RAW/Posts/Cr0-UaeLxGB.jpg,NotApplicable,0.99994695,True,1.4257117e-05,0.99994695,3.8819893e-05
C8uczzSJD2s,NotApplicable,usa,/content/drive/MyDrive/Forschungsseminar_Computergestützte_Analyse_Sozialer_Medien/Daten/RAW/Posts/C8uczzSJD2s.jpg,NotApplicable,0.9997979,True,6.407536e-05,0.9997979,0.0001380941
CrUAahWvha4,NotApplicable,usa,/content/drive/MyDrive/Forschungsseminar_Computergestützte_Analyse_Sozialer_Medien/Daten/RAW/Posts/CrUAahWvha4.jpg,NotApplicable,0.9999392,True,1.7462287e-05,0.9999392,4.3322787e-05
CshP3jcScYu,NotApplicable,usa,/content/drive/MyDrive/Forschungsseminar_Computergestützte_Analyse_Sozialer_Medien/Daten/RAW/Posts/CshP3jcScYu.jpg,NotApplicable,0.49716502,True,0.037457805,0.49716502,0.46537724
C3s4j87v9TZ,NotApplicable,usa,/content/drive/MyDrive/Forschungsseminar_Computergestützte_Analyse_Sozialer_Medien/Daten/RAW/Posts/C3s4j87v9TZ.jpg,NotApplicable,0.99969757,True,4.653261e-05,0.99969757,0.00025588664
C8nR7gQym5u,,usa,/content/drive/MyDrive/Forschungsseminar_Computergestützte_Analyse_Sozialer_Medien/Daten/RAW/Posts/C8nR7gQym5u.jpg,NotApplicable,0.51799953,True,0.44114834,0.51799953,0.04085216
C3BrR2XvJfQ,NotApplicable,usa,/content/drive/MyDrive/Forschungsseminar_Computergestützte_Analyse_Sozialer_Medien/Daten/RAW/Posts/C3BrR2XvJfQ.jpg,NotApplicable,0.99991095,True,3.9871004e-05,0.99991095,4.917147e-05
C8cmG6YSuyH,NotApplicable,usa,/content/drive/MyDrive/Forschungsseminar_Computergestützte_Analyse_Sozialer_Medien/Daten/RAW/Posts/C8cmG6YSuyH.jpg,NotApplicable,0.9999304,True,1.6057196e-05,0.9999304,5.3524964e-05
CsTzL_uu8ip,NotApplicable,usa,/content/drive/MyDrive/Forschungsseminar_Computergestützte_Analyse_Sozialer_Medien/Daten/RAW/Posts/CsTzL_uu8ip.jpg,NotApplicable,0.9999565,True,1.5366786e-05,0.9999565,2.8144823e-05
DExbcknvlQ9,NotApplicable,usa,/content/drive/MyDrive/Forschungsseminar_Computergestützte_Analyse_Sozialer_Medien/Daten/RAW/Posts/DExbcknvlQ9.jpg,NotApplicable,0.9999232,True,3.5695273e-05,0.9999232,4.1126637e-05
C7M_9cKyQgu,NotApplicable,usa,/content/drive/MyDrive/Forschungsseminar_Computergestützte_Analyse_Sozialer_Medien/Daten/RAW/Posts/C7M_9cKyQgu.jpg,NotApplicable,0.9999368,True,3.190624e-05,0.9999368,3.1212967e-05
CuP0Yc5PhDZ,NotApplicable,usa,/content/drive/MyDrive/Forschungsseminar_Computergestützte_Analyse_Sozialer_Medien/Daten/RAW/Posts/CuP0Yc5PhDZ.jpg,NotApplicable,0.999948,True,2.1169391e-05,0.999948,3.0743795e-05
C46mdoxPw2r,NotApplicable,usa,/content/drive/MyDrive/Forschungsseminar_Computergestützte_Analyse_Sozialer_Medien/Daten/RAW/Posts/C46mdoxPw2r.jpg,NotApplicable,0.99995637,True,2.0621315e-05,0.99995637,2.3030667e-05
Cu73DgWO1ul,NotApplicable,usa,/content/drive/MyDrive/Forschungsseminar_Computergestützte_Analyse_Sozialer_Medien/Daten/RAW/Posts/Cu73DgWO1ul.jpg,NotApplicable,0.9998373,True,2.8911762e-05,0.9998373,0.00013380448
CtZpwc1PF4m,NotApplicable,usa,/content/drive/MyDrive/Forschungsseminar_Computergestützte_Analyse_Sozialer_Medien/Daten/RAW/Posts/CtZpwc1PF4m.jpg,NotApplicable,0.9999081,True,1.974332e-05,0.9999081,7.215418e-05
C15HQ4WS2ph,Outside,usa,/content/drive/MyDrive/Forschungsseminar_Computergestützte_Analyse_Sozialer_Medien/Daten/RAW/Posts/C15HQ4WS2ph.jpg,Outside,0.864889,True,0.001207503,0.13390347,0.864889
C9dRp7LS4Cj,NotApplicable,usa,/content/drive/MyDrive/Forschungsseminar_Computergestützte_Analyse_Sozialer_Medien/Daten/RAW/Posts/C9dRp7LS4Cj.jpg,NotApplicable,0.99994516,True,2.703045e-05,0.99994516,2.7751112e-05
DFiy11fyNyz,NotApplicable,usa,/content/drive/MyDrive/Forschungsseminar_Computergestützte_Analyse_Sozialer_Medien/Daten/RAW/Posts/DFiy11fyNyz.jpg,NotApplicable,0.7767591,True,0.19470687,0.7767591,0.028534072
Cuc0bveyElo,Inside,usa,/content/drive/MyDrive/Forschungsseminar_Computergestützte_Analyse_Sozialer_Medien/Daten/RAW/Posts/Cuc0bveyElo.jpg,Inside,0.5547471,True,0.5547471,0.42634505,0.018907946
CsGsRCeL7nL,Outside,usa,/content/drive/MyDrive/Forschungsseminar_Computergestützte_Analyse_Sozialer_Medien/Daten/RAW/Posts/CsGsRCeL7nL.jpg,Outside,0.73690766,True,0.0012384586,0.2618539,0.73690766
DD7uP5jS6C2,Inside,usa,/content/drive/MyDrive/Forschungsseminar_Computergestützte_Analyse_Sozialer_Medien/Daten/RAW/Posts/DD7uP5jS6C2.jpg,NotApplicable,0.9305144,True,0.060508884,0.9305144,0.008976679
CsoOk_5LCQc,NotApplicable,usa,/content/drive/MyDrive/Forschungsseminar_Computergestützte_Analyse_Sozialer_Medien/Daten/RAW/Posts/CsoOk_5LCQc.jpg,NotApplicable,0.9998765,True,5.2326985e-05,0.9998765,7.1112656e-05
CoYmQUrtg8R,Outside,usa,/content/drive/MyDrive/Forschungsseminar_Computergestützte_Analyse_Sozialer_Medien/Daten/RAW/Posts/CoYmQUrtg8R.jpg,NotApplicable,0.7012462,True,0.0050571016,0.7012462,0.29369667
DFLI8pwPkFQ,NotApplicable,usa,/content/drive/MyDrive/Forschungsseminar_Computergestützte_Analyse_Sozialer_Medien/Daten/RAW/Posts/DFLI8pwPkFQ.jpg,NotApplicable,0.99377406,True,0.005193341,0.99377406,0.001032565
C2SwgNgPfi6,NotApplicable,usa,/content/drive/MyDrive/Forschungsseminar_Computergestützte_Analyse_Sozialer_Medien/Daten/RAW/Posts/C2SwgNgPfi6.jpg,NotApplicable,0.9999325,True,3.4077813e-05,0.9999325,3.3339235e-05
DEfuMISS1Eg,NotApplicable,usa,/content/drive/MyDrive/Forschungsseminar_Computergestützte_Analyse_Sozialer_Medien/Daten/RAW/Posts/DEfuMISS1Eg.jpg,NotApplicable,0.9980117,True,0.0018494347,0.9980117,0.00013879336
DKc1p_SSkNd,Inside,usa,/content/drive/MyDrive/Forschungsseminar_Computergestützte_Analyse_Sozialer_Medien/Daten/RAW/Posts/DKc1p_SSkNd.jpg,Inside,0.98267984,True,0.98267984,0.0044607855,0.012859455
C2vMBswyYAv,NotApplicable,usa,/content/drive/MyDrive/Forschungsseminar_Computergestützte_Analyse_Sozialer_Medien/Daten/RAW/Posts/C2vMBswyYAv.jpg,NotApplicable,0.9998666,True,2.7417671e-05,0.9998666,0.00010591044
C1Nd4EZOs4j,NotApplicable,usa,/content/drive/MyDrive/Forschungsseminar_Computergestützte_Analyse_Sozialer_Medien/Daten/RAW/Posts/C1Nd4EZOs4j.jpg,NotApplicable,0.9996413,True,0.00019157479,0.9996413,0.00016717546
C20fZRHS8a6,NotApplicable,usa,/content/drive/MyDrive/Forschungsseminar_Computergestützte_Analyse_Sozialer_Medien/Daten/RAW/Posts/C20fZRHS8a6.jpg,NotApplicable,0.9999124,True,3.4388053e-05,0.9999124,5.3189284e-05
DDpVypcPfpG,NotApplicable,usa,/content/drive/MyDrive/Forschungsseminar_Computergestützte_Analyse_Sozialer_Medien/Daten/RAW/Posts/DDpVypcPfpG.jpg,NotApplicable,0.6034325,True,0.0996493,0.6034325,0.29691827
DCnLb3ISzxf,NotApplicable,usa,/content/drive/MyDrive/Forschungsseminar_Computergestützte_Analyse_Sozialer_Medien/Daten/RAW/Posts/DCnLb3ISzxf.jpg,NotApplicable,0.99635375,True,0.0030609528,0.99635375,0.00058532687
DE0csRdzp4l,Outside,usa,/content/drive/MyDrive/Forschungsseminar_Computergestützte_Analyse_Sozialer_Medien/Daten/RAW/Posts/DE0csRdzp4l.jpg,Outside,0.9485382,True,7.80823e-05,0.051383726,0.9485382
C8Hvjwupyi4,NotApplicable,usa,/content/drive/MyDrive/Forschungsseminar_Computergestützte_Analyse_Sozialer_Medien/Daten/RAW/Posts/C8Hvjwupyi4.jpg,NotApplicable,0.9999298,True,1.3791194e-05,0.9999298,5.6451594e-05
DFsqirkv4GO,NotApplicable,usa,/content/drive/MyDrive/Forschungsseminar_Computergestützte_Analyse_Sozialer_Medien/Daten/RAW/Posts/DFsqirkv4GO.jpg,NotApplicable,0.9999002,True,9.930479e-06,0.9999002,8.982694e-05
C9LMT0uSltc,NotApplicable,usa,/content/drive/MyDrive/Forschungsseminar_Computergestützte_Analyse_Sozialer_Medien/Daten/RAW/Posts/C9LMT0uSltc.jpg,NotApplicable,0.99979895,True,0.000101442245,0.99979895,9.963931e-05
CodYp3cObXy,NotApplicable,usa,/content/drive/MyDrive/Forschungsseminar_Computergestützte_Analyse_Sozialer_Medien/Daten/RAW/Posts/CodYp3cObXy.jpg,NotApplicable,0.9998708,True,3.397194e-05,0.9998708,9.522525e-05
Cs4ivpvy0Z_,NotApplicable,usa,/content/drive/MyDrive/Forschungsseminar_Computergestützte_Analyse_Sozialer_Medien/Daten/RAW/Posts/Cs4ivpvy0Z_.jpg,NotApplicable,0.9999465,True,1.8606697e-05,0.9999465,3.488996e-05
CuIKaeQSkb3,NotApplicable,usa,/content/drive/MyDrive/Forschungsseminar_Computergestützte_Analyse_Sozialer_Medien/Daten/RAW/Posts/CuIKaeQSkb3.jpg,NotApplicable,0.9999237,True,2.882181e-05,0.9999237,4.7432295e-05
C4yWVbYvyhC,NotApplicable,usa,/content/drive/MyDrive/Forschungsseminar_Computergestützte_Analyse_Sozialer_Medien/Daten/RAW/Posts/C4yWVbYvyhC.jpg,NotApplicable,0.99993837,True,1.2045217e-05,0.99993837,4.9576876e-05
CvSwYU_PI77,NotApplicable,usa,/content/drive/MyDrive/Forschungsseminar_Computergestützte_Analyse_Sozialer_Medien/Daten/RAW/Posts/CvSwYU_PI77.jpg,NotApplicable,0.99991953,True,1.977181e-05,0.99991953,6.0664144e-05
Cq3cYyQPCLX,NotApplicable,usa,/content/drive/MyDrive/Forschungsseminar_Computergestützte_Analyse_Sozialer_Medien/Daten/RAW/Posts/Cq3cYyQPCLX.jpg,Outside,0.8324526,True,0.021957794,0.14558965,0.8324526
Cod_-WLNjK1,Inside,usa,/content/drive/MyDrive/Forschungsseminar_Computergestützte_Analyse_Sozialer_Medien/Daten/RAW/Posts/Cod_-WLNjK1.jpg,Inside,0.5974495,True,0.5974495,0.38607416,0.016476352
DEiKQUfSa6j,Outside,usa,/content/drive/MyDrive/Forschungsseminar_Computergestützte_Analyse_Sozialer_Medien/Daten/RAW/Posts/DEiKQUfSa6j.jpg,Inside,0.44093618,True,0.44093618,0.32222453,0.23683923
DD2W2nIP28Y,NotApplicable,usa,/content/drive/MyDrive/Forschungsseminar_Computergestützte_Analyse_Sozialer_Medien/Daten/RAW/Posts/DD2W2nIP28Y.jpg,NotApplicable,0.9952579,True,0.0035013736,0.9952579,0.0012407523
Cm0nPfqsU1m,Unsure,usa,/content/drive/MyDrive/Forschungsseminar_Computergestützte_Analyse_Sozialer_Medien/Daten/RAW/Posts/Cm0nPfqsU1m.jpg,Inside,0.93333596,True,0.93333596,0.057751786,0.008912275
CnJ88J_u2PV,Inside,usa,/content/drive/MyDrive/Forschungsseminar_Computergestützte_Analyse_Sozialer_Medien/Daten/RAW/Posts/CnJ88J_u2PV.jpg,Inside,0.967193,True,0.967193,0.004685039,0.028122026
CjkuZ0nuSYs,Outside,usa,/content/drive/MyDrive/Forschungsseminar_Computergestützte_Analyse_Sozialer_Medien/Daten/RAW/Posts/CjkuZ0nuSYs.jpg,Outside,0.9952514,True,0.0031645573,0.0015840428,0.9952514
Copte3RpP6p,Outside,usa,/content/drive/MyDrive/Forschungsseminar_Computergestützte_Analyse_Sozialer_Medien/Daten/RAW/Posts/Copte3RpP6p.jpg,Outside,0.9823629,True,0.009181563,0.008455593,0.9823629
CkeG_XBJTy2,Outside,usa,/content/drive/MyDrive/Forschungsseminar_Computergestützte_Analyse_Sozialer_Medien/Daten/RAW/Posts/CkeG_XBJTy2.jpg,Outside,0.9970305,True,0.0028039867,0.0001654064,0.9970305
CndHtoqpTNg,Inside,usa,/content/drive/MyDrive/Forschungsseminar_Computergestützte_Analyse_Sozialer_Medien/Daten/RAW/Posts/CndHtoqpTNg.jpg,Outside,0.43222558,True,0.33097538,0.23679903,0.43222558
CnaibJlJAOq,Outside,usa,/content/drive/MyDrive/Forschungsseminar_Computergestützte_Analyse_Sozialer_Medien/Daten/RAW/Posts/CnaibJlJAOq.jpg,Outside,0.9807207,True,0.015340985,0.003938424,0.9807207
Cnh6RmCpk6T,Inside,usa,/content/drive/MyDrive/Forschungsseminar_Computergestützte_Analyse_Sozialer_Medien/Daten/RAW/Posts/Cnh6RmCpk6T.jpg,Outside,0.952921,True,0.03759522,0.00948386,0.952921
CmDB1dpJl6A,Inside,usa,/content/drive/MyDrive/Forschungsseminar_Computergestützte_Analyse_Sozialer_Medien/Daten/RAW/Posts/CmDB1dpJl6A.jpg,Inside,0.95890945,True,0.95890945,0.007162051,0.0339285
CmrfET9J_dd,Inside,usa,/content/drive/MyDrive/Forschungsseminar_Computergestützte_Analyse_Sozialer_Medien/Daten/RAW/Posts/CmrfET9J_dd.jpg,Inside,0.7153391,True,0.7153391,0.25671598,0.027944928
CMI9zyTM_4M,Inside,usa,/content/drive/MyDrive/Forschungsseminar_Computergestützte_Analyse_Sozialer_Medien/Daten/RAW/Posts/CMI9zyTM_4M.jpg,Inside,0.79166657,True,0.79166657,0.1413003,0.06703317
CjGrUHwvCIZ,Inside,usa,/content/drive/MyDrive/Forschungsseminar_Computergestützte_Analyse_Sozialer_Medien/Daten/RAW/Posts/CjGrUHwvCIZ.jpg,Inside,0.88770384,True,0.88770384,0.06893986,0.04335619
CjFB1GFsjoI,Inside,usa,/content/drive/MyDrive/Forschungsseminar_Computergestützte_Analyse_Sozialer_Medien/Daten/RAW/Posts/CjFB1GFsjoI.jpg,Inside,0.9672184,True,0.9672184,0.024989385,0.007792209
CoFRe6mOic6,Unsure,usa,/content/drive/MyDrive/Forschungsseminar_Computergestützte_Analyse_Sozialer_Medien/Daten/RAW/Posts/CoFRe6mOic6.jpg,Inside,0.8312348,True,0.8312348,0.15278567,0.015979487
CTagNfsvjW7,Outside,usa,/content/drive/MyDrive/Forschungsseminar_Computergestützte_Analyse_Sozialer_Medien/Daten/RAW/Posts/CTagNfsvjW7.jpg,Outside,0.9975026,True,0.00066691334,0.0018305712,0.9975026
Cmz1MKLpyM-,Inside,usa,/content/drive/MyDrive/Forschungsseminar_Computergestützte_Analyse_Sozialer_Medien/Daten/RAW/Posts/Cmz1MKLpyM-.jpg,Inside,0.9151751,True,0.9151751,0.025665373,0.05915952
B_i69ZDDALG,Outside,usa,/content/drive/MyDrive/Forschungsseminar_Computergestützte_Analyse_Sozialer_Medien/Daten/RAW/Posts/B_i69ZDDALG.jpg,Outside,0.98475504,True,0.011861149,0.0033838253,0.98475504
Cnk3Rk_pW13,Unsure,usa,/content/drive/MyDrive/Forschungsseminar_Computergestützte_Analyse_Sozialer_Medien/Daten/RAW/Posts/Cnk3Rk_pW13.jpg,Inside,0.8214711,True,0.8214711,0.1706286,0.007900273
CmNDdMPJRH0,Inside,usa,/content/drive/MyDrive/Forschungsseminar_Computergestützte_Analyse_Sozialer_Medien/Daten/RAW/Posts/CmNDdMPJRH0.jpg,Inside,0.98346937,True,0.98346937,0.0034363903,0.013094217
CnpCJQILJtR,Inside,usa,/content/drive/MyDrive/Forschungsseminar_Computergestützte_Analyse_Sozialer_Medien/Daten/RAW/Posts/CnpCJQILJtR.jpg,Inside,0.721232,True,0.721232,0.26576692,0.013001113
CkGL0F1L9za,Unsure,usa,/content/drive/MyDrive/Forschungsseminar_Computergestützte_Analyse_Sozialer_Medien/Daten/RAW/Posts/CkGL0F1L9za.jpg,Inside,0.6600135,True,0.6600135,0.32703844,0.012948071
CnxR-6YJYGm,Inside,usa,/content/drive/MyDrive/Forschungsseminar_Computergestützte_Analyse_Sozialer_Medien/Daten/RAW/Posts/CnxR-6YJYGm.jpg,Inside,0.8127228,True,0.8127228,0.015543263,0.17173389
CkwfIkBpozt,Outside,usa,/content/drive/MyDrive/Forschungsseminar_Computergestützte_Analyse_Sozialer_Medien/Daten/RAW/Posts/CkwfIkBpozt.jpg,Outside,0.9987381,True,0.001194701,6.717895e-05,0.9987381
Ckqti3nphXR,Outside,usa,/content/drive/MyDrive/Forschungsseminar_Computergestützte_Analyse_Sozialer_Medien/Daten/RAW/Posts/Ckqti3nphXR.jpg,Outside,0.99641824,True,0.0033065542,0.00027521484,0.99641824
Ci-QIpnuaVr,Unsure,usa,/content/drive/MyDrive/Forschungsseminar_Computergestützte_Analyse_Sozialer_Medien/Daten/RAW/Posts/Ci-QIpnuaVr.jpg,Inside,0.7011472,True,0.7011472,0.25996488,0.03888785
CjWNAzXPndC,Unsure,usa,/content/drive/MyDrive/Forschungsseminar_Computergestützte_Analyse_Sozialer_Medien/Daten/RAW/Posts/CjWNAzXPndC.jpg,Inside,0.61103606,True,0.61103606,0.24889208,0.14007185
CQyiJSxsjcI,Outside,usa,/content/drive/MyDrive/Forschungsseminar_Computergestützte_Analyse_Sozialer_Medien/Daten/RAW/Posts/CQyiJSxsjcI.jpg,Outside,0.93235314,True,0.065640256,0.0020065776,0.93235314
CnNgGkRpk4n,Inside,usa,/content/drive/MyDrive/Forschungsseminar_Computergestützte_Analyse_Sozialer_Medien/Daten/RAW/Posts/CnNgGkRpk4n.jpg,Inside,0.7889113,True,0.7889113,0.058008544,0.15308021
Ci--kZ5u41n,Unsure,usa,/content/drive/MyDrive/Forschungsseminar_Computergestützte_Analyse_Sozialer_Medien/Daten/RAW/Posts/Ci--kZ5u41n.jpg,Inside,0.8540562,True,0.8540562,0.14065388,0.005289873
Cm2I5vbJmS6,Inside,usa,/content/drive/MyDrive/Forschungsseminar_Computergestützte_Analyse_Sozialer_Medien/Daten/RAW/Posts/Cm2I5vbJmS6.jpg,Inside,0.99183464,True,0.99183464,0.004925289,0.003240109
CodAJHDJJva,Outside,usa,/content/drive/MyDrive/Forschungsseminar_Computergestützte_Analyse_Sozialer_Medien/Daten/RAW/Posts/CodAJHDJJva.jpg,Outside,0.8983414,True,0.07580208,0.02585652,0.8983414
Ce2HIaNM3Xo,Inside,usa,/content/drive/MyDrive/Forschungsseminar_Computergestützte_Analyse_Sozialer_Medien/Daten/RAW/Posts/Ce2HIaNM3Xo.jpg,Inside,0.9902478,True,0.9902478,0.0028858196,0.0068664644
Cjgwbdasffh,Outside,usa,/content/drive/MyDrive/Forschungsseminar_Computergestützte_Analyse_Sozialer_Medien/Daten/RAW/Posts/Cjgwbdasffh.jpg,Outside,0.94515896,True,0.052820537,0.0020205341,0.94515896
CmSJk6NpaDd,Outside,usa,/content/drive/MyDrive/Forschungsseminar_Computergestützte_Analyse_Sozialer_Medien/Daten/RAW/Posts/CmSJk6NpaDd.jpg,Outside,0.99942064,True,0.00046232354,0.00011707823,0.99942064
Ckd2obCr8-H,Outside,usa,/content/drive/MyDrive/Forschungsseminar_Computergestützte_Analyse_Sozialer_Medien/Daten/RAW/Posts/Ckd2obCr8-H.jpg,Outside,0.9982426,True,0.0017078551,4.9512062e-05,0.9982426
CkdrFFirQpI,Outside,usa,/content/drive/MyDrive/Forschungsseminar_Computergestützte_Analyse_Sozialer_Medien/Daten/RAW/Posts/CkdrFFirQpI.jpg,Outside,0.9807091,True,0.012889733,0.0064011854,0.9807091
CleKi94p2r6,Outside,usa,/content/drive/MyDrive/Forschungsseminar_Computergestützte_Analyse_Sozialer_Medien/Daten/RAW/Posts/CleKi94p2r6.jpg,Outside,0.97352827,True,0.02611071,0.00036106372,0.97352827
CgQNQqtsOmI,Inside,usa,/content/drive/MyDrive/Forschungsseminar_Computergestützte_Analyse_Sozialer_Medien/Daten/RAW/Posts/CgQNQqtsOmI.jpg,Inside,0.9473638,True,0.9473638,0.028442653,0.024193516
CnPmTe3JYAt,Outside,usa,/content/drive/MyDrive/Forschungsseminar_Computergestützte_Analyse_Sozialer_Medien/Daten/RAW/Posts/CnPmTe3JYAt.jpg,Outside,0.97453135,True,0.016984858,0.008483759,0.97453135
CmF-MTfuQmM,Outside,usa,/content/drive/MyDrive/Forschungsseminar_Computergestützte_Analyse_Sozialer_Medien/Daten/RAW/Posts/CmF-MTfuQmM.jpg,Outside,0.9990859,True,0.0005044548,0.00040961147,0.9990859
C_JVCfyt31j,Outside,germany,/content/drive/MyDrive/Forschungsseminar_Computergestützte_Analyse_Sozialer_Medien/Daten/RAW/Posts/C_JVCfyt31j.jpg,Outside,0.99963033,True,1.8342396e-05,0.00035127575,0.99963033
DAEZ_DJN-UV,Outside,germany,/content/drive/MyDrive/Forschungsseminar_Computergestützte_Analyse_Sozialer_Medien/Daten/RAW/Posts/DAEZ_DJN-UV.jpg,Outside,0.9990374,True,3.462545e-05,0.00092802726,0.9990374
C_cfnIUt50p,Outside,germany,/content/drive/MyDrive/Forschungsseminar_Computergestützte_Analyse_Sozialer_Medien/Daten/RAW/Posts/C_cfnIUt50p.jpg,Outside,0.99886143,True,3.453092e-05,0.0011039986,0.99886143
C_KZxL5NP64,Outside,germany,/content/drive/MyDrive/Forschungsseminar_Computergestützte_Analyse_Sozialer_Medien/Daten/RAW/Posts/C_KZxL5NP64.jpg,Outside,0.9995035,True,2.3382905e-05,0.00047313757,0.9995035
C_F2mi3tXPb,Outside,germany,/content/drive/MyDrive/Forschungsseminar_Computergestützte_Analyse_Sozialer_Medien/Daten/RAW/Posts/C_F2mi3tXPb.jpg,Outside,0.99905604,True,3.0451125e-05,0.00091345445,0.99905604
DA0hdNHtQoH,Outside,germany,/content/drive/MyDrive/Forschungsseminar_Computergestützte_Analyse_Sozialer_Medien/Daten/RAW/Posts/DA0hdNHtQoH.jpg,Outside,0.99944085,True,2.496856e-05,0.00053407205,0.99944085
DB-v7hMN-sS,Outside,germany,/content/drive/MyDrive/Forschungsseminar_Computergestützte_Analyse_Sozialer_Medien/Daten/RAW/Posts/DB-v7hMN-sS.jpg,Outside,0.99924755,True,3.2537453e-05,0.000720009,0.99924755
C_GU0SAN6xM,Outside,germany,/content/drive/MyDrive/Forschungsseminar_Computergestützte_Analyse_Sozialer_Medien/Daten/RAW/Posts/C_GU0SAN6xM.jpg,Outside,0.99901426,True,3.262331e-05,0.0009530947,0.99901426
DAFu6UWNDVz,Outside,germany,/content/drive/MyDrive/Forschungsseminar_Computergestützte_Analyse_Sozialer_Medien/Daten/RAW/Posts/DAFu6UWNDVz.jpg,Outside,0.9990326,True,3.0031717e-05,0.0009374156,0.9990326
DDKjq5ItRa9,Outside,germany,/content/drive/MyDrive/Forschungsseminar_Computergestützte_Analyse_Sozialer_Medien/Daten/RAW/Posts/DDKjq5ItRa9.jpg,Outside,0.99901736,True,3.2638098e-05,0.0009500498,0.99901736
C_FQH1CthLm,Outside,germany,/content/drive/MyDrive/Forschungsseminar_Computergestützte_Analyse_Sozialer_Medien/Daten/RAW/Posts/C_FQH1CthLm.jpg,Outside,0.999079,True,3.0217036e-05,0.0008906923,0.999079
C_IXUYRNUWo,Outside,germany,/content/drive/MyDrive/Forschungsseminar_Computergestützte_Analyse_Sozialer_Medien/Daten/RAW/Posts/C_IXUYRNUWo.jpg,Outside,0.99953055,True,2.1745549e-05,0.0004476444,0.99953055
DAaZE9DN_bT,Outside,germany,/content/drive/MyDrive/Forschungsseminar_Computergestützte_Analyse_Sozialer_Medien/Daten/RAW/Posts/DAaZE9DN_bT.jpg,Outside,0.99942577,True,2.8374312e-05,0.000545844,0.99942577
C_wAL7stT63,Outside,germany,/content/drive/MyDrive/Forschungsseminar_Computergestützte_Analyse_Sozialer_Medien/Daten/RAW/Posts/C_wAL7stT63.jpg,Outside,0.99940264,True,2.5806881e-05,0.0005715117,0.99940264
DC3uXCEN40a,Outside,germany,/content/drive/MyDrive/Forschungsseminar_Computergestützte_Analyse_Sozialer_Medien/Daten/RAW/Posts/DC3uXCEN40a.jpg,Outside,0.99896145,True,3.3075186e-05,0.0010053993,0.99896145
DC5wxG4NQO8,Outside,germany,/content/drive/MyDrive/Forschungsseminar_Computergestützte_Analyse_Sozialer_Medien/Daten/RAW/Posts/DC5wxG4NQO8.jpg,Outside,0.99919313,True,2.6174988e-05,0.0007807164,0.99919313
C_Dv_yJtUGv,Outside,germany,/content/drive/MyDrive/Forschungsseminar_Computergestützte_Analyse_Sozialer_Medien/Daten/RAW/Posts/C_Dv_yJtUGv.jpg,Outside,0.999204,True,2.883828e-05,0.00076716574,0.999204
CW8r5WQtSvb,Outside,germany,/content/drive/MyDrive/Forschungsseminar_Computergestützte_Analyse_Sozialer_Medien/Daten/RAW/Posts/CW8r5WQtSvb.jpg,Outside,0.9434798,True,0.017688142,0.038832065,0.9434798
CXoozMqtWyr,Inside,germany,/content/drive/MyDrive/Forschungsseminar_Computergestützte_Analyse_Sozialer_Medien/Daten/RAW/Posts/CXoozMqtWyr.jpg,Outside,0.82365555,True,0.07703845,0.09930602,0.82365555
CXy0HGcNfid,Inside,germany,/content/drive/MyDrive/Forschungsseminar_Computergestützte_Analyse_Sozialer_Medien/Daten/RAW/Posts/CXy0HGcNfid.jpg,Inside,0.92075807,True,0.92075807,0.058262773,0.020979093
CREnfcWtw0J,Outside,germany,/content/drive/MyDrive/Forschungsseminar_Computergestützte_Analyse_Sozialer_Medien/Daten/RAW/Posts/CREnfcWtw0J.jpg,Outside,0.9845709,True,0.012345088,0.003083999,0.9845709
CdYfYPjtg3G,Outside,germany,/content/drive/MyDrive/Forschungsseminar_Computergestützte_Analyse_Sozialer_Medien/Daten/RAW/Posts/CdYfYPjtg3G.jpg,Inside,0.70903295,True,0.70903295,0.15863481,0.13233225
CXEnki-NDtm,Inside,germany,/content/drive/MyDrive/Forschungsseminar_Computergestützte_Analyse_Sozialer_Medien/Daten/RAW/Posts/CXEnki-NDtm.jpg,Inside,0.95184296,True,0.95184296,0.00943051,0.038726576
CZmnCc4NwVc,Outside,germany,/content/drive/MyDrive/Forschungsseminar_Computergestützte_Analyse_Sozialer_Medien/Daten/RAW/Posts/CZmnCc4NwVc.jpg,Outside,0.62203383,True,0.3393006,0.038665522,0.62203383
DEk32nRNLyU,Outside,germany,/content/drive/MyDrive/Forschungsseminar_Computergestützte_Analyse_Sozialer_Medien/Daten/RAW/Posts/DEk32nRNLyU.jpg,Outside,0.98543024,True,0.010623714,0.0039460384,0.98543024
CRULV8HtXeo,Outside,germany,/content/drive/MyDrive/Forschungsseminar_Computergestützte_Analyse_Sozialer_Medien/Daten/RAW/Posts/CRULV8HtXeo.jpg,Outside,0.99690956,True,0.0020239186,0.0010666018,0.99690956
CbdJdVttoSF,Outside,germany,/content/drive/MyDrive/Forschungsseminar_Computergestützte_Analyse_Sozialer_Medien/Daten/RAW/Posts/CbdJdVttoSF.jpg,Outside,0.9990928,True,0.00067861046,0.0002285823,0.9990928
CWJIzHFNbTg,Outside,germany,/content/drive/MyDrive/Forschungsseminar_Computergestützte_Analyse_Sozialer_Medien/Daten/RAW/Posts/CWJIzHFNbTg.jpg,Outside,0.9415761,True,0.037139576,0.021284325,0.9415761
CXY_VOgNbT2,Outside,germany,/content/drive/MyDrive/Forschungsseminar_Computergestützte_Analyse_Sozialer_Medien/Daten/RAW/Posts/CXY_VOgNbT2.jpg,Outside,0.9995993,True,0.000102473176,0.0002983017,0.9995993
CYpFPaEtPQq,Outside,germany,/content/drive/MyDrive/Forschungsseminar_Computergestützte_Analyse_Sozialer_Medien/Daten/RAW/Posts/CYpFPaEtPQq.jpg,Outside,0.99902844,True,0.00045495294,0.00051664206,0.99902844
CaFiAeQtd_c,Outside,germany,/content/drive/MyDrive/Forschungsseminar_Computergestützte_Analyse_Sozialer_Medien/Daten/RAW/Posts/CaFiAeQtd_c.jpg,Outside,0.9992889,True,0.0004738605,0.00023718932,0.9992889
CX_uvuaN8dt,Outside,germany,/content/drive/MyDrive/Forschungsseminar_Computergestützte_Analyse_Sozialer_Medien/Daten/RAW/Posts/CX_uvuaN8dt.jpg,Outside,0.9968719,True,0.0020757648,0.0010524015,0.9968719
CTuk75ttkjj,Outside,germany,/content/drive/MyDrive/Forschungsseminar_Computergestützte_Analyse_Sozialer_Medien/Daten/RAW/Posts/CTuk75ttkjj.jpg,Outside,0.99980587,True,0.0001530944,4.1162697e-05,0.99980587
CYb6ZEhNUEa,Outside,germany,/content/drive/MyDrive/Forschungsseminar_Computergestützte_Analyse_Sozialer_Medien/Daten/RAW/Posts/CYb6ZEhNUEa.jpg,Outside,0.9087031,True,0.08086912,0.010427756,0.9087031
CUIS1xWt0x3,Outside,germany,/content/drive/MyDrive/Forschungsseminar_Computergestützte_Analyse_Sozialer_Medien/Daten/RAW/Posts/CUIS1xWt0x3.jpg,Outside,0.9588002,True,0.035350434,0.0058494154,0.9588002
CYzOQ-atcqE,Outside,germany,/content/drive/MyDrive/Forschungsseminar_Computergestützte_Analyse_Sozialer_Medien/Daten/RAW/Posts/CYzOQ-atcqE.jpg,Outside,0.9953435,True,0.0043801526,0.00027633825,0.9953435
CWtURNuNUwD,Outside,germany,/content/drive/MyDrive/Forschungsseminar_Computergestützte_Analyse_Sozialer_Medien/Daten/RAW/Posts/CWtURNuNUwD.jpg,Outside,0.9878614,True,0.008417166,0.0037214218,0.9878614
CYM060utBXO,Outside,germany,/content/drive/MyDrive/Forschungsseminar_Computergestützte_Analyse_Sozialer_Medien/Daten/RAW/Posts/CYM060utBXO.jpg,Outside,0.97344154,True,0.01588733,0.010671157,0.97344154
CofALgkOHgy,NotApplicable,usa,/content/drive/MyDrive/Forschungsseminar_Computergestützte_Analyse_Sozialer_Medien/Daten/RAW/Posts/CofALgkOHgy.jpg,NotApplicable,0.99813867,True,0.0017747149,0.99813867,8.659218e-05
DJG3KKHMyNE,Outside,germany,/content/drive/MyDrive/Forschungsseminar_Computergestützte_Analyse_Sozialer_Medien/Daten/RAW/Posts/DJG3KKHMyNE.jpg,Inside,0.9886035,True,0.9886035,0.00048090363,0.010915603
C87Ob0dNgh9,NotApplicable,germany,/content/drive/MyDrive/Forschungsseminar_Computergestützte_Analyse_Sozialer_Medien/Daten/RAW/Posts/C87Ob0dNgh9.jpg,NotApplicable,0.9155834,True,0.08288421,0.9155834,0.0015324488
C4OUNGytolq,Inside,germany,/content/drive/MyDrive/Forschungsseminar_Computergestützte_Analyse_Sozialer_Medien/Daten/RAW/Posts/C4OUNGytolq.jpg,Inside,0.98757243,True,0.98757243,0.0042307223,0.008196927
DABWbIrtFpe,NotApplicable,germany,/content/drive/MyDrive/Forschungsseminar_Computergestützte_Analyse_Sozialer_Medien/Daten/RAW/Posts/DABWbIrtFpe.jpg,NotApplicable,0.99210006,True,0.0065873344,0.99210006,0.0013126266
DJOU18UsfHZ,NotApplicable,germany,/content/drive/MyDrive/Forschungsseminar_Computergestützte_Analyse_Sozialer_Medien/Daten/RAW/Posts/DJOU18UsfHZ.jpg,NotApplicable,0.7493078,True,0.22522241,0.7493078,0.02546977
DGy-UIvKuWz,Outside,usa,/content/drive/MyDrive/Forschungsseminar_Computergestützte_Analyse_Sozialer_Medien/Daten/RAW/Posts/DGy-UIvKuWz.jpg,Outside,0.98577964,True,0.0061755674,0.008044786,0.98577964
DRdqL8bEcxe,Outside,usa,/content/drive/MyDrive/Forschungsseminar_Computergestützte_Analyse_Sozialer_Medien/Daten/RAW/Posts/DRdqL8bEcxe.jpg,Outside,0.9937727,True,0.0051562116,0.0010712211,0.9937727
C05GXjGNudX,Outside,usa,/content/drive/MyDrive/Forschungsseminar_Computergestützte_Analyse_Sozialer_Medien/Daten/RAW/Posts/C05GXjGNudX.jpg,Outside,0.7935612,True,0.13274015,0.073698565,0.7935612
Cy_NS8-uRRF,NotApplicable,usa,/content/drive/MyDrive/Forschungsseminar_Computergestützte_Analyse_Sozialer_Medien/Daten/RAW/Posts/Cy_NS8-uRRF.jpg,NotApplicable,0.9973936,True,1.6729988e-05,0.9973936,0.0025895957
C07s8Z4tL7b,NotApplicable,usa,/content/drive/MyDrive/Forschungsseminar_Computergestützte_Analyse_Sozialer_Medien/Daten/RAW/Posts/C07s8Z4tL7b.jpg,NotApplicable,0.8998944,True,0.03938932,0.8998944,0.060716204
C0ScqspuqNg,NotApplicable,usa,/content/drive/MyDrive/Forschungsseminar_Computergestützte_Analyse_Sozialer_Medien/Daten/RAW/Posts/C0ScqspuqNg.jpg,NotApplicable,0.88644594,True,0.101730675,0.88644594,0.011823376
C0mf121Op9X,NotApplicable,usa,/content/drive/MyDrive/Forschungsseminar_Computergestützte_Analyse_Sozialer_Medien/Daten/RAW/Posts/C0mf121Op9X.jpg,NotApplicable,0.8732256,True,0.00053373585,0.8732256,0.12624066
CywGHbfOT5n,Inside,usa,/content/drive/MyDrive/Forschungsseminar_Computergestützte_Analyse_Sozialer_Medien/Daten/RAW/Posts/CywGHbfOT5n.jpg,Inside,0.99472165,True,0.99472165,0.0029729102,0.0023054837
C00ARnnN4jo,NotApplicable,usa,/content/drive/MyDrive/Forschungsseminar_Computergestützte_Analyse_Sozialer_Medien/Daten/RAW/Posts/C00ARnnN4jo.jpg,NotApplicable,0.78078914,True,0.06576437,0.78078914,0.15344645
Cyyi1eJO7Qq,NotApplicable,usa,/content/drive/MyDrive/Forschungsseminar_Computergestützte_Analyse_Sozialer_Medien/Daten/RAW/Posts/Cyyi1eJO7Qq.jpg,NotApplicable,0.80853474,True,0.0022179123,0.80853474,0.1892473
C0aGqobOm6X,NotApplicable,usa,/content/drive/MyDrive/Forschungsseminar_Computergestützte_Analyse_Sozialer_Medien/Daten/RAW/Posts/C0aGqobOm6X.jpg,NotApplicable,0.984432,True,0.0010132331,0.984432,0.014554741
Cy8xZzxO7c9,,usa,/content/drive/MyDrive/Forschungsseminar_Computergestützte_Analyse_Sozialer_Medien/Daten/RAW/Posts/Cy8xZzxO7c9.jpg,NotApplicable,0.754703,True,0.20077069,0.754703,0.04452636
C0xX_WCOqXQ,NotApplicable,usa,/content/drive/MyDrive/Forschungsseminar_Computergestützte_Analyse_Sozialer_Medien/Daten/RAW/Posts/C0xX_WCOqXQ.jpg,NotApplicable,0.885999,True,0.0008140086,0.885999,0.11318694
C09UgTiNGrY,NotApplicable,usa,/content/drive/MyDrive/Forschungsseminar_Computergestützte_Analyse_Sozialer_Medien/Daten/RAW/Posts/C09UgTiNGrY.jpg,NotApplicable,0.96263707,True,0.000964478,0.96263707,0.036398467
CyyoOZmO7Hx,Outside,usa,/content/drive/MyDrive/Forschungsseminar_Computergestützte_Analyse_Sozialer_Medien/Daten/RAW/Posts/CyyoOZmO7Hx.jpg,Outside,0.9733488,True,0.00053282996,0.026118336,0.9733488
CzAOY9-uNwT,NotApplicable,usa,/content/drive/MyDrive/Forschungsseminar_Computergestützte_Analyse_Sozialer_Medien/Daten/RAW/Posts/CzAOY9-uNwT.jpg,NotApplicable,0.99808276,True,0.00016107062,0.99808276,0.0017562369
Cy3qks-uEFe,NotApplicable,usa,/content/drive/MyDrive/Forschungsseminar_Computergestützte_Analyse_Sozialer_Medien/Daten/RAW/Posts/Cy3qks-uEFe.jpg,NotApplicable,0.74336594,True,0.002507034,0.74336594,0.254127
Cy4xiEauxjz,NotApplicable,usa,/content/drive/MyDrive/Forschungsseminar_Computergestützte_Analyse_Sozialer_Medien/Daten/RAW/Posts/Cy4xiEauxjz.jpg,NotApplicable,0.5594925,True,0.3982852,0.5594925,0.042222217
CywBifPrM7H,Outside,usa,/content/drive/MyDrive/Forschungsseminar_Computergestützte_Analyse_Sozialer_Medien/Daten/RAW/Posts/CywBifPrM7H.jpg,Outside,0.7948404,True,0.056186646,0.14897299,0.7948404
Cy6CTTeO-59,Inside,usa,/content/drive/MyDrive/Forschungsseminar_Computergestützte_Analyse_Sozialer_Medien/Daten/RAW/Posts/Cy6CTTeO-59.jpg,Inside,0.60869265,True,0.60869265,0.2819053,0.10940201
Cy8vhyjuYaV,NotApplicable,usa,/content/drive/MyDrive/Forschungsseminar_Computergestützte_Analyse_Sozialer_Medien/Daten/RAW/Posts/Cy8vhyjuYaV.jpg,Inside,0.61000603,True,0.61000603,0.35758668,0.03240728
Cy_KkEoO_-K,NotApplicable,usa,/content/drive/MyDrive/Forschungsseminar_Computergestützte_Analyse_Sozialer_Medien/Daten/RAW/Posts/Cy_KkEoO_-K.jpg,NotApplicable,0.8894508,True,0.027954241,0.8894508,0.082594916
C0UD-DoOI80,NotApplicable,usa,/content/drive/MyDrive/Forschungsseminar_Computergestützte_Analyse_Sozialer_Medien/Daten/RAW/Posts/C0UD-DoOI80.jpg,NotApplicable,0.98010194,True,0.015727473,0.98010194,0.004170624
C0XLVe4uQvQ,NotApplicable,usa,/content/drive/MyDrive/Forschungsseminar_Computergestützte_Analyse_Sozialer_Medien/Daten/RAW/Posts/C0XLVe4uQvQ.jpg,NotApplicable,0.84488297,True,0.11102912,0.84488297,0.044087943
C0knVrgNl36,NotApplicable,usa,/content/drive/MyDrive/Forschungsseminar_Computergestützte_Analyse_Sozialer_Medien/Daten/RAW/Posts/C0knVrgNl36.jpg,Inside,0.56421936,True,0.56421936,0.43210754,0.003673119
Cy_RQE-uwBM,Inside,usa,/content/drive/MyDrive/Forschungsseminar_Computergestützte_Analyse_Sozialer_Medien/Daten/RAW/Posts/Cy_RQE-uwBM.jpg,NotApplicable,0.7327571,True,0.25882098,0.7327571,0.0084219575
C0jxf27upVC,Inside,usa,/content/drive/MyDrive/Forschungsseminar_Computergestützte_Analyse_Sozialer_Medien/Daten/RAW/Posts/C0jxf27upVC.jpg,NotApplicable,0.7029209,True,0.26228225,0.7029209,0.034796834
CzFaBAHOQ7a,NotApplicable,usa,/content/drive/MyDrive/Forschungsseminar_Computergestützte_Analyse_Sozialer_Medien/Daten/RAW/Posts/CzFaBAHOQ7a.jpg,NotApplicable,0.99803454,True,0.0006131341,0.99803454,0.001352291
CzRr17Bu9F0,NotApplicable,usa,/content/drive/MyDrive/Forschungsseminar_Computergestützte_Analyse_Sozialer_Medien/Daten/RAW/Posts/CzRr17Bu9F0.jpg,NotApplicable,0.9950848,True,0.001545768,0.9950848,0.003369375
CzT-Yc6OQEB,NotApplicable,usa,/content/drive/MyDrive/Forschungsseminar_Computergestützte_Analyse_Sozialer_Medien/Daten/RAW/Posts/CzT-Yc6OQEB.jpg,NotApplicable,0.99782795,True,0.00032340386,0.99782795,0.0018485705
CzZLihzOiXb,NotApplicable,usa,/content/drive/MyDrive/Forschungsseminar_Computergestützte_Analyse_Sozialer_Medien/Daten/RAW/Posts/CzZLihzOiXb.jpg,NotApplicable,0.99577624,True,0.0028182664,0.99577624,0.0014054773
CzlyYD-u1ds,Inside,usa,/content/drive/MyDrive/Forschungsseminar_Computergestützte_Analyse_Sozialer_Medien/Daten/RAW/Posts/CzlyYD-u1ds.jpg,Inside,0.5310236,True,0.5310236,0.42168182,0.047294527
CzkAQSTuLKM,NotApplicable,usa,/content/drive/MyDrive/Forschungsseminar_Computergestützte_Analyse_Sozialer_Medien/Daten/RAW/Posts/CzkAQSTuLKM.jpg,NotApplicable,0.8942203,True,0.019872006,0.8942203,0.08590771
CzASuA9OlVP,NotApplicable,usa,/content/drive/MyDrive/Forschungsseminar_Computergestützte_Analyse_Sozialer_Medien/Daten/RAW/Posts/CzASuA9OlVP.jpg,NotApplicable,0.68603754,True,0.0015643317,0.68603754,0.31239814
CzC7exVOt9L,Inside,usa,/content/drive/MyDrive/Forschungsseminar_Computergestützte_Analyse_Sozialer_Medien/Daten/RAW/Posts/CzC7exVOt9L.jpg,NotApplicable,0.5218693,True,0.4336071,0.5218693,0.044523515
CzrkRATuEsL,Inside,usa,/content/drive/MyDrive/Forschungsseminar_Computergestützte_Analyse_Sozialer_Medien/Daten/RAW/Posts/CzrkRATuEsL.jpg,Inside,0.9131882,True,0.9131882,0.04553655,0.04127519
CzCLQUouIdE,Inside,usa,/content/drive/MyDrive/Forschungsseminar_Computergestützte_Analyse_Sozialer_Medien/Daten/RAW/Posts/CzCLQUouIdE.jpg,NotApplicable,0.59766126,True,0.103558846,0.59766126,0.2987799
CzPa48GuViC,Inside,usa,/content/drive/MyDrive/Forschungsseminar_Computergestützte_Analyse_Sozialer_Medien/Daten/RAW/Posts/CzPa48GuViC.jpg,NotApplicable,0.97642046,True,0.021493832,0.97642046,0.0020857402
CzFY5htupNm,NotApplicable,usa,/content/drive/MyDrive/Forschungsseminar_Computergestützte_Analyse_Sozialer_Medien/Daten/RAW/Posts/CzFY5htupNm.jpg,NotApplicable,0.9998235,True,7.229092e-05,0.9998235,0.000104283135
CzHa5r3uxLD,NotApplicable,usa,/content/drive/MyDrive/Forschungsseminar_Computergestützte_Analyse_Sozialer_Medien/Daten/RAW/Posts/CzHa5r3uxLD.jpg,NotApplicable,0.998064,True,0.00027131665,0.998064,0.0016647396
CzRJKXgOo-G,Outside,usa,/content/drive/MyDrive/Forschungsseminar_Computergestützte_Analyse_Sozialer_Medien/Daten/RAW/Posts/CzRJKXgOo-G.jpg,Outside,0.8849005,True,0.014030357,0.101069115,0.8849005
CzWUIQmu968,NotApplicable,usa,/content/drive/MyDrive/Forschungsseminar_Computergestützte_Analyse_Sozialer_Medien/Daten/RAW/Posts/CzWUIQmu968.jpg,NotApplicable,0.99399096,True,0.0032286674,0.99399096,0.0027803394
CzZwCSHuMnd,NotApplicable,usa,/content/drive/MyDrive/Forschungsseminar_Computergestützte_Analyse_Sozialer_Medien/Daten/RAW/Posts/CzZwCSHuMnd.jpg,NotApplicable,0.96780694,True,0.030286128,0.96780694,0.0019068682
C0H9XuCOxSw,NotApplicable,usa,/content/drive/MyDrive/Forschungsseminar_Computergestützte_Analyse_Sozialer_Medien/Daten/RAW/Posts/C0H9XuCOxSw.jpg,NotApplicable,0.7494919,True,0.002238853,0.7494919,0.24826933
C0PQjXWODS1,NotApplicable,usa,/content/drive/MyDrive/Forschungsseminar_Computergestützte_Analyse_Sozialer_Medien/Daten/RAW/Posts/C0PQjXWODS1.jpg,NotApplicable,0.78156126,True,0.156246,0.78156126,0.06219271
CzcKVewORPQ,NotApplicable,usa,/content/drive/MyDrive/Forschungsseminar_Computergestützte_Analyse_Sozialer_Medien/Daten/RAW/Posts/CzcKVewORPQ.jpg,NotApplicable,0.96639687,True,0.021433352,0.96639687,0.012169806
C0Ki7oxOepO,NotApplicable,usa,/content/drive/MyDrive/Forschungsseminar_Computergestützte_Analyse_Sozialer_Medien/Daten/RAW/Posts/C0Ki7oxOepO.jpg,NotApplicable,0.94083625,True,0.04530499,0.94083625,0.013858733
CzKecETOYi1,NotApplicable,usa,/content/drive/MyDrive/Forschungsseminar_Computergestützte_Analyse_Sozialer_Medien/Daten/RAW/Posts/CzKecETOYi1.jpg,Outside,0.52960336,True,0.007290447,0.4631062,0.52960336
C0NA8xVuVy8,NotApplicable,usa,/content/drive/MyDrive/Forschungsseminar_Computergestützte_Analyse_Sozialer_Medien/Daten/RAW/Posts/C0NA8xVuVy8.jpg,NotApplicable,0.9703235,True,0.01557709,0.9703235,0.014099408
CzC6GjuOSNJ,NotApplicable,usa,/content/drive/MyDrive/Forschungsseminar_Computergestützte_Analyse_Sozialer_Medien/Daten/RAW/Posts/CzC6GjuOSNJ.jpg,NotApplicable,0.9866007,True,0.0072634476,0.9866007,0.0061358707
CzhuAQFuYkI,Outside,usa,/content/drive/MyDrive/Forschungsseminar_Computergestützte_Analyse_Sozialer_Medien/Daten/RAW/Posts/CzhuAQFuYkI.jpg,Outside,0.9197415,True,0.05524603,0.025012482,0.9197415
DRzyHWfiOqw,NotApplicable,germany,/content/drive/MyDrive/Forschungsseminar_Computergestützte_Analyse_Sozialer_Medien/Daten/RAW/Posts/DRzyHWfiOqw.jpg,NotApplicable,0.98253906,True,0.00063931156,0.98253906,0.016821608
DR4wr1gCIDW,NotApplicable,germany,/content/drive/MyDrive/Forschungsseminar_Computergestützte_Analyse_Sozialer_Medien/Daten/RAW/Posts/DR4wr1gCIDW.jpg,NotApplicable,0.95411664,True,0.00933047,0.95411664,0.036552902
DRSGrjQCGsm,NotApplicable,germany,/content/drive/MyDrive/Forschungsseminar_Computergestützte_Analyse_Sozialer_Medien/Daten/RAW/Posts/DRSGrjQCGsm.jpg,NotApplicable,0.9399905,True,0.002601509,0.9399905,0.057407953
DRSHc1aCFUV,Outside,germany,/content/drive/MyDrive/Forschungsseminar_Computergestützte_Analyse_Sozialer_Medien/Daten/RAW/Posts/DRSHc1aCFUV.jpg,Outside,0.9961772,True,0.0027324462,0.0010903699,0.9961772
DR2ES3qiG3i,Outside,germany,/content/drive/MyDrive/Forschungsseminar_Computergestützte_Analyse_Sozialer_Medien/Daten/RAW/Posts/DR2ES3qiG3i.jpg,Outside,0.8599326,True,0.00091830856,0.13914914,0.8599326
DR5rU4xDLKj,NotApplicable,germany,/content/drive/MyDrive/Forschungsseminar_Computergestützte_Analyse_Sozialer_Medien/Daten/RAW/Posts/DR5rU4xDLKj.jpg,NotApplicable,0.999065,True,7.9208796e-05,0.999065,0.0008558557
DRW6aBaiD_P,NotApplicable,germany,/content/drive/MyDrive/Forschungsseminar_Computergestützte_Analyse_Sozialer_Medien/Daten/RAW/Posts/DRW6aBaiD_P.jpg,Outside,0.81531674,True,0.024737515,0.15994577,0.81531674
DRz0xJlCEmN,NotApplicable,germany,/content/drive/MyDrive/Forschungsseminar_Computergestützte_Analyse_Sozialer_Medien/Daten/RAW/Posts/DRz0xJlCEmN.jpg,NotApplicable,0.9965436,True,0.001367517,0.9965436,0.0020888366
DRpiPXAiIST,Outside,germany,/content/drive/MyDrive/Forschungsseminar_Computergestützte_Analyse_Sozialer_Medien/Daten/RAW/Posts/DRpiPXAiIST.jpg,Outside,0.9941586,True,0.0018245406,0.004016863,0.9941586
DRSH7aMCOXj,NotApplicable,germany,/content/drive/MyDrive/Forschungsseminar_Computergestützte_Analyse_Sozialer_Medien/Daten/RAW/Posts/DRSH7aMCOXj.jpg,NotApplicable,0.88783956,True,0.04281605,0.88783956,0.06934444
DRzw9h4iNg5,NotApplicable,germany,/content/drive/MyDrive/Forschungsseminar_Computergestützte_Analyse_Sozialer_Medien/Daten/RAW/Posts/DRzw9h4iNg5.jpg,NotApplicable,0.9990226,True,0.00016451287,0.9990226,0.0008128912
DRPi2l-iBch,NotApplicable,germany,/content/drive/MyDrive/Forschungsseminar_Computergestützte_Analyse_Sozialer_Medien/Daten/RAW/Posts/DRPi2l-iBch.jpg,NotApplicable,0.9720839,True,0.020551825,0.9720839,0.0073642856
DR1_y55iAJY,Outside,germany,/content/drive/MyDrive/Forschungsseminar_Computergestützte_Analyse_Sozialer_Medien/Daten/RAW/Posts/DR1_y55iAJY.jpg,Outside,0.85785544,True,0.0045153606,0.13762918,0.85785544
DRzymf9iFpn,Outside,germany,/content/drive/MyDrive/Forschungsseminar_Computergestützte_Analyse_Sozialer_Medien/Daten/RAW/Posts/DRzymf9iFpn.jpg,Outside,0.9265649,True,0.00014621588,0.073288836,0.9265649
DRZ5Hv5CMlb,NotApplicable,germany,/content/drive/MyDrive/Forschungsseminar_Computergestützte_Analyse_Sozialer_Medien/Daten/RAW/Posts/DRZ5Hv5CMlb.jpg,NotApplicable,0.9994717,True,0.00039514416,0.9994717,0.00013316372
DR7eFY0iBwL,NotApplicable,germany,/content/drive/MyDrive/Forschungsseminar_Computergestützte_Analyse_Sozialer_Medien/Daten/RAW/Posts/DR7eFY0iBwL.jpg,NotApplicable,0.9988174,True,0.00046829725,0.9988174,0.00071426143
DRW7P0mCLUD,Inside,germany,/content/drive/MyDrive/Forschungsseminar_Computergestützte_Analyse_Sozialer_Medien/Daten/RAW/Posts/DRW7P0mCLUD.jpg,NotApplicable,0.7465859,True,0.031852175,0.7465859,0.22156191
DRpilIOiJJS,Outside,germany,/content/drive/MyDrive/Forschungsseminar_Computergestützte_Analyse_Sozialer_Medien/Daten/RAW/Posts/DRpilIOiJJS.jpg,Outside,0.8844914,True,0.04334254,0.07216611,0.8844914
DR42cy9DCws,Outside,germany,/content/drive/MyDrive/Forschungsseminar_Computergestützte_Analyse_Sozialer_Medien/Daten/RAW/Posts/DR42cy9DCws.jpg,NotApplicable,0.5260884,True,0.20361634,0.5260884,0.27029523
DRSF-4lCPLV,Inside,germany,/content/drive/MyDrive/Forschungsseminar_Computergestützte_Analyse_Sozialer_Medien/Daten/RAW/Posts/DRSF-4lCPLV.jpg,Outside,0.6025475,True,0.12256755,0.27488488,0.6025475
DR2Dua6iGmF,NotApplicable,germany,/content/drive/MyDrive/Forschungsseminar_Computergestützte_Analyse_Sozialer_Medien/Daten/RAW/Posts/DR2Dua6iGmF.jpg,NotApplicable,0.90511036,True,0.004916796,0.90511036,0.089972846
DR5olxsDB9U,Unsure,germany,/content/drive/MyDrive/Forschungsseminar_Computergestützte_Analyse_Sozialer_Medien/Daten/RAW/Posts/DR5olxsDB9U.jpg,Outside,0.51182646,True,0.2134233,0.27475026,0.51182646
DRSIZb0CMg3,NotApplicable,germany,/content/drive/MyDrive/Forschungsseminar_Computergestützte_Analyse_Sozialer_Medien/Daten/RAW/Posts/DRSIZb0CMg3.jpg,NotApplicable,0.63498694,True,0.3126223,0.63498694,0.052390706
DR41QTUDHq1,NotApplicable,germany,/content/drive/MyDrive/Forschungsseminar_Computergestützte_Analyse_Sozialer_Medien/Daten/RAW/Posts/DR41QTUDHq1.jpg,NotApplicable,0.97794276,True,0.0011754191,0.97794276,0.020881861
DRpjHjJiCDV,NotApplicable,germany,/content/drive/MyDrive/Forschungsseminar_Computergestützte_Analyse_Sozialer_Medien/Daten/RAW/Posts/DRpjHjJiCDV.jpg,NotApplicable,0.923571,True,0.012018481,0.923571,0.06441053
DRuxKQAiE_2,Unsure,germany,/content/drive/MyDrive/Forschungsseminar_Computergestützte_Analyse_Sozialer_Medien/Daten/RAW/Posts/DRuxKQAiE_2.jpg,NotApplicable,0.89993584,True,0.021778593,0.89993584,0.07828559
DR4yQd8iI-1,Outside,germany,/content/drive/MyDrive/Forschungsseminar_Computergestützte_Analyse_Sozialer_Medien/Daten/RAW/Posts/DR4yQd8iI-1.jpg,Outside,0.9323921,True,0.032272104,0.035335787,0.9323921
DR7ZibBiC77,NotApplicable,germany,/content/drive/MyDrive/Forschungsseminar_Computergestützte_Analyse_Sozialer_Medien/Daten/RAW/Posts/DR7ZibBiC77.jpg,NotApplicable,0.8778315,True,0.034251533,0.8778315,0.08791695
DRzzQ31iIuN,Inside,germany,/content/drive/MyDrive/Forschungsseminar_Computergestützte_Analyse_Sozialer_Medien/Daten/RAW/Posts/DRzzQ31iIuN.jpg,NotApplicable,0.73541975,True,0.20780276,0.73541975,0.05677753
DR5ni0xDChy,Outside,germany,/content/drive/MyDrive/Forschungsseminar_Computergestützte_Analyse_Sozialer_Medien/Daten/RAW/Posts/DR5ni0xDChy.jpg,Outside,0.8056119,True,0.002247136,0.19214097,0.8056119
DR4y1QPCDCs,NotApplicable,germany,/content/drive/MyDrive/Forschungsseminar_Computergestützte_Analyse_Sozialer_Medien/Daten/RAW/Posts/DR4y1QPCDCs.jpg,NotApplicable,0.98396194,True,0.0008726677,0.98396194,0.015165401
DR5p4OejA7j,NotApplicable,germany,/content/drive/MyDrive/Forschungsseminar_Computergestützte_Analyse_Sozialer_Medien/Daten/RAW/Posts/DR5p4OejA7j.jpg,NotApplicable,0.99584913,True,0.00046921358,0.99584913,0.0036816737
DRuyKVICE3g,NotApplicable,germany,/content/drive/MyDrive/Forschungsseminar_Computergestützte_Analyse_Sozialer_Medien/Daten/RAW/Posts/DRuyKVICE3g.jpg,NotApplicable,0.9539027,True,0.021942273,0.9539027,0.02415506
DRpkQLLiMtB,NotApplicable,germany,/content/drive/MyDrive/Forschungsseminar_Computergestützte_Analyse_Sozialer_Medien/Daten/RAW/Posts/DRpkQLLiMtB.jpg,NotApplicable,0.96118164,True,0.016874138,0.96118164,0.021944227
DRSFgvaiE5u,NotApplicable,germany,/content/drive/MyDrive/Forschungsseminar_Computergestützte_Analyse_Sozialer_Medien/Daten/RAW/Posts/DRSFgvaiE5u.jpg,NotApplicable,0.80347073,True,0.14101699,0.80347073,0.055512268
DRuy7W0CKfR,NotApplicable,germany,/content/drive/MyDrive/Forschungsseminar_Computergestützte_Analyse_Sozialer_Medien/Daten/RAW/Posts/DRuy7W0CKfR.jpg,NotApplicable,0.99991643,True,2.4605119e-05,0.99991643,5.90088e-05
DRZ5w41iPl3,Outside,germany,/content/drive/MyDrive/Forschungsseminar_Computergestützte_Analyse_Sozialer_Medien/Daten/RAW/Posts/DRZ5w41iPl3.jpg,Outside,0.97238356,True,0.00044704071,0.027169373,0.97238356
DRZ3tAcCHAj,Outside,germany,/content/drive/MyDrive/Forschungsseminar_Computergestützte_Analyse_Sozialer_Medien/Daten/RAW/Posts/DRZ3tAcCHAj.jpg,Outside,0.99260086,True,0.000661785,0.0067373337,0.99260086
DR7acb1iL0i,Outside,germany,/content/drive/MyDrive/Forschungsseminar_Computergestützte_Analyse_Sozialer_Medien/Daten/RAW/Posts/DR7acb1iL0i.jpg,Outside,0.96386063,True,0.00013512647,0.036004327,0.96386063
DRW603fCBdN,NotApplicable,germany,/content/drive/MyDrive/Forschungsseminar_Computergestützte_Analyse_Sozialer_Medien/Daten/RAW/Posts/DRW603fCBdN.jpg,NotApplicable,0.99071866,True,0.0007287924,0.99071866,0.0085526155
DRuxn2_CAYD,Outside,germany,/content/drive/MyDrive/Forschungsseminar_Computergestützte_Analyse_Sozialer_Medien/Daten/RAW/Posts/DRuxn2_CAYD.jpg,Outside,0.67734617,True,0.15319592,0.16945793,0.67734617
DRZ4c2xiLcj,NotApplicable,germany,/content/drive/MyDrive/Forschungsseminar_Computergestützte_Analyse_Sozialer_Medien/Daten/RAW/Posts/DRZ4c2xiLcj.jpg,NotApplicable,0.9969374,True,0.00041490313,0.9969374,0.0026476588
DRpgokPCLaY,NotApplicable,germany,/content/drive/MyDrive/Forschungsseminar_Computergestützte_Analyse_Sozialer_Medien/Daten/RAW/Posts/DRpgokPCLaY.jpg,NotApplicable,0.9859438,True,0.0004803003,0.9859438,0.0135759
DRutpPFCPOT,Outside,germany,/content/drive/MyDrive/Forschungsseminar_Computergestützte_Analyse_Sozialer_Medien/Daten/RAW/Posts/DRutpPFCPOT.jpg,Outside,0.7477668,True,0.001045286,0.2511879,0.7477668
DR4xlPxCJu6,NotApplicable,germany,/content/drive/MyDrive/Forschungsseminar_Computergestützte_Analyse_Sozialer_Medien/Daten/RAW/Posts/DR4xlPxCJu6.jpg,NotApplicable,0.85177964,True,0.13281925,0.85177964,0.015401085
DR2CSNMCC3f,NotApplicable,germany,/content/drive/MyDrive/Forschungsseminar_Computergestützte_Analyse_Sozialer_Medien/Daten/RAW/Posts/DR2CSNMCC3f.jpg,NotApplicable,0.9287134,True,0.014805122,0.9287134,0.056481555
DRPiBp_COfa,Outside,germany,/content/drive/MyDrive/Forschungsseminar_Computergestützte_Analyse_Sozialer_Medien/Daten/RAW/Posts/DRPiBp_COfa.jpg,Outside,0.9079719,True,0.010587897,0.08144017,0.9079719
DRZ2jNviJFi,Outside,germany,/content/drive/MyDrive/Forschungsseminar_Computergestützte_Analyse_Sozialer_Medien/Daten/RAW/Posts/DRZ2jNviJFi.jpg,Outside,0.9960238,True,0.002042416,0.0019338424,0.9960238
DRxJ6NlkuNw,Inside,usa,/content/drive/MyDrive/Forschungsseminar_Computergestützte_Analyse_Sozialer_Medien/Daten/RAW/Posts/DRxJ6NlkuNw.jpg,Inside,0.9991053,True,0.9991053,0.00085775706,3.689346e-05
DR21VF5kmJC,Inside,usa,/content/drive/MyDrive/Forschungsseminar_Computergestützte_Analyse_Sozialer_Medien/Daten/RAW/Posts/DR21VF5kmJC.jpg,Inside,0.94406855,True,0.94406855,0.028428778,0.027502665
DUmI3yMAX9W,Outside,usa,/content/drive/MyDrive/Forschungsseminar_Computergestützte_Analyse_Sozialer_Medien/Daten/RAW/Posts/DUmI3yMAX9W.jpg,Outside,0.8516962,True,0.10467703,0.04362682,0.8516962
DQNXqZYAaR5,Outside,usa,/content/drive/MyDrive/Forschungsseminar_Computergestützte_Analyse_Sozialer_Medien/Daten/RAW/Posts/DQNXqZYAaR5.jpg,Outside,0.6889734,True,0.23892926,0.072097294,0.6889734
DOy6-hoEUbz,Outside,usa,/content/drive/MyDrive/Forschungsseminar_Computergestützte_Analyse_Sozialer_Medien/Daten/RAW/Posts/DOy6-hoEUbz.jpg,Outside,0.8590062,True,0.061160762,0.0798331,0.8590062
DUTNU0kFTlD,Inside,usa,/content/drive/MyDrive/Forschungsseminar_Computergestützte_Analyse_Sozialer_Medien/Daten/RAW/Posts/DUTNU0kFTlD.jpg,Inside,0.9939454,True,0.9939454,0.0041783135,0.0018762073
Co3ERI-tJCl,Inside,germany,/content/drive/MyDrive/Forschungsseminar_Computergestützte_Analyse_Sozialer_Medien/Daten/RAW/Posts/Co3ERI-tJCl.jpg,Inside,0.9900609,True,0.9900609,0.0092036845,0.0007353562
Cst_YDBNbQe,Outside,germany,/content/drive/MyDrive/Forschungsseminar_Computergestützte_Analyse_Sozialer_Medien/Daten/RAW/Posts/Cst_YDBNbQe.jpg,Outside,0.82716876,True,0.16209443,0.010736815,0.82716876
DG0-OSptIic,Inside,germany,/content/drive/MyDrive/Forschungsseminar_Computergestützte_Analyse_Sozialer_Medien/Daten/RAW/Posts/DG0-OSptIic.jpg,Inside,0.9800162,True,0.9800162,0.015373102,0.0046107015
Cp3C-BBN56G,,germany,/content/drive/MyDrive/Forschungsseminar_Computergestützte_Analyse_Sozialer_Medien/Daten/RAW/Posts/Cp3C-BBN56G.jpg,Inside,0.8463742,True,0.8463742,0.110949405,0.042676315
DIofb7jNg7o,NotApplicable,germany,/content/drive/MyDrive/Forschungsseminar_Computergestützte_Analyse_Sozialer_Medien/Daten/RAW/Posts/DIofb7jNg7o.jpg,Outside,0.84492344,True,0.0040543852,0.1510221,0.84492344
DI4p55nN0rK,NotApplicable,germany,/content/drive/MyDrive/Forschungsseminar_Computergestützte_Analyse_Sozialer_Medien/Daten/RAW/Posts/DI4p55nN0rK.jpg,Inside,0.38437557,True,0.38437557,0.35157955,0.26404488
CosgM81oPjU,Inside,germany,/content/drive/MyDrive/Forschungsseminar_Computergestützte_Analyse_Sozialer_Medien/Daten/RAW/Posts/CosgM81oPjU.jpg,Inside,0.99503785,True,0.99503785,0.004575016,0.00038718423
CxVt8OitMAI,Inside,germany,/content/drive/MyDrive/Forschungsseminar_Computergestützte_Analyse_Sozialer_Medien/Daten/RAW/Posts/CxVt8OitMAI.jpg,Inside,0.944787,True,0.944787,0.051753856,0.0034591137
DIvtRBRNL-J,NotApplicable,germany,/content/drive/MyDrive/Forschungsseminar_Computergestützte_Analyse_Sozialer_Medien/Daten/RAW/Posts/DIvtRBRNL-J.jpg,Inside,0.8636093,True,0.8636093,0.122097746,0.014292862
CrB3rdyt1Km,Inside,germany,/content/drive/MyDrive/Forschungsseminar_Computergestützte_Analyse_Sozialer_Medien/Daten/RAW/Posts/CrB3rdyt1Km.jpg,Inside,0.83636665,True,0.83636665,0.034717906,0.12891543
Co3DE2xNptt,Inside,germany,/content/drive/MyDrive/Forschungsseminar_Computergestützte_Analyse_Sozialer_Medien/Daten/RAW/Posts/Co3DE2xNptt.jpg,Inside,0.9721256,True,0.9721256,0.023590762,0.0042836247
CpI9pPPN0P2,Inside,germany,/content/drive/MyDrive/Forschungsseminar_Computergestützte_Analyse_Sozialer_Medien/Daten/RAW/Posts/CpI9pPPN0P2.jpg,Inside,0.7253836,True,0.7253836,0.18054831,0.09406812
CrJg-LdtsxJ,Inside,germany,/content/drive/MyDrive/Forschungsseminar_Computergestützte_Analyse_Sozialer_Medien/Daten/RAW/Posts/CrJg-LdtsxJ.jpg,Inside,0.98166484,True,0.98166484,0.008052806,0.010282266
CpTOfRstSja,Inside,germany,/content/drive/MyDrive/Forschungsseminar_Computergestützte_Analyse_Sozialer_Medien/Daten/RAW/Posts/CpTOfRstSja.jpg,NotApplicable,0.8335867,True,0.14553235,0.8335867,0.020880967
DTL86molbbs,Inside,usa,/content/drive/MyDrive/Forschungsseminar_Computergestützte_Analyse_Sozialer_Medien/Daten/RAW/Posts/DTL86molbbs.jpg,Inside,0.9838112,True,0.9838112,0.012656303,0.0035324995
CwS6TNdJVsb,Outside,usa,/content/drive/MyDrive/Forschungsseminar_Computergestützte_Analyse_Sozialer_Medien/Daten/RAW/Posts/CwS6TNdJVsb.jpg,Outside,0.9751524,True,0.018255498,0.006592097,0.9751524
DN6cj3Jkou9,Outside,usa,/content/drive/MyDrive/Forschungsseminar_Computergestützte_Analyse_Sozialer_Medien/Daten/RAW/Posts/DN6cj3Jkou9.jpg,Outside,0.9735512,True,0.022232175,0.0042165685,0.9735512
DNzi9j_WhpF,Inside,usa,/content/drive/MyDrive/Forschungsseminar_Computergestützte_Analyse_Sozialer_Medien/Daten/RAW/Posts/DNzi9j_WhpF.jpg,Inside,0.9986669,True,0.9986669,0.0008942771,0.0004387844
DOxa9BUERVv,Inside,usa,/content/drive/MyDrive/Forschungsseminar_Computergestützte_Analyse_Sozialer_Medien/Daten/RAW/Posts/DOxa9BUERVv.jpg,Inside,0.9890661,True,0.9890661,0.006204591,0.004729321
DN53HPoEfzF,Inside,usa,/content/drive/MyDrive/Forschungsseminar_Computergestützte_Analyse_Sozialer_Medien/Daten/RAW/Posts/DN53HPoEfzF.jpg,Inside,0.9998167,True,0.9998167,0.00015362872,2.9650337e-05
DP2L_SUDTeW,Outside,usa,/content/drive/MyDrive/Forschungsseminar_Computergestützte_Analyse_Sozialer_Medien/Daten/RAW/Posts/DP2L_SUDTeW.jpg,Outside,0.9717228,True,0.017917523,0.010359631,0.9717228
DQTKkJHkXbz,Outside,usa,/content/drive/MyDrive/Forschungsseminar_Computergestützte_Analyse_Sozialer_Medien/Daten/RAW/Posts/DQTKkJHkXbz.jpg,Outside,0.9251362,True,0.051100668,0.023763044,0.9251362
DOu0TLZDfjj,Outside,usa,/content/drive/MyDrive/Forschungsseminar_Computergestützte_Analyse_Sozialer_Medien/Daten/RAW/Posts/DOu0TLZDfjj.jpg,Outside,0.99125457,True,0.0076845814,0.0010607963,0.99125457
DPp-x3cjdK3,Inside,usa,/content/drive/MyDrive/Forschungsseminar_Computergestützte_Analyse_Sozialer_Medien/Daten/RAW/Posts/DPp-x3cjdK3.jpg,Inside,0.99933004,True,0.99933004,0.00017211025,0.00049783255
DP5pgP3EYoO,Inside,usa,/content/drive/MyDrive/Forschungsseminar_Computergestützte_Analyse_Sozialer_Medien/Daten/RAW/Posts/DP5pgP3EYoO.jpg,Inside,0.9305334,True,0.9305334,0.023832822,0.04563381
DPy-XraESAb,Inside,usa,/content/drive/MyDrive/Forschungsseminar_Computergestützte_Analyse_Sozialer_Medien/Daten/RAW/Posts/DPy-XraESAb.jpg,Inside,0.979082,True,0.979082,0.008195545,0.012722418
DPhQPGcgXA4,,usa,/content/drive/MyDrive/Forschungsseminar_Computergestützte_Analyse_Sozialer_Medien/Daten/RAW/Posts/DPhQPGcgXA4.jpg,Inside,0.99248284,True,0.99248284,0.0048323683,0.0026847105
DRNHms4iUVm,Inside,usa,/content/drive/MyDrive/Forschungsseminar_Computergestützte_Analyse_Sozialer_Medien/Daten/RAW/Posts/DRNHms4iUVm.jpg,Inside,0.96738875,True,0.96738875,0.010437844,0.022173375
DQtLdmNEWmr,Inside,usa,/content/drive/MyDrive/Forschungsseminar_Computergestützte_Analyse_Sozialer_Medien/Daten/RAW/Posts/DQtLdmNEWmr.jpg,Inside,0.99936837,True,0.99936837,0.00044085743,0.00019068102
DRCr58NkbmC,Inside,usa,/content/drive/MyDrive/Forschungsseminar_Computergestützte_Analyse_Sozialer_Medien/Daten/RAW/Posts/DRCr58NkbmC.jpg,Inside,0.8861456,True,0.8861456,0.018345602,0.09550879
DPNrGbpEdDn,Outside,usa,/content/drive/MyDrive/Forschungsseminar_Computergestützte_Analyse_Sozialer_Medien/Daten/RAW/Posts/DPNrGbpEdDn.jpg,Outside,0.9778209,True,0.014361252,0.00781792,0.9778209
DT3q7cqEknD,Inside,usa,/content/drive/MyDrive/Forschungsseminar_Computergestützte_Analyse_Sozialer_Medien/Daten/RAW/Posts/DT3q7cqEknD.jpg,Inside,0.9927241,True,0.9927241,0.0069799777,0.0002959394
DRfC8ESEfnm,Outside,usa,/content/drive/MyDrive/Forschungsseminar_Computergestützte_Analyse_Sozialer_Medien/Daten/RAW/Posts/DRfC8ESEfnm.jpg,Inside,0.6010309,True,0.6010309,0.016632061,0.38233706
DRTsMH5EYI5,Inside,usa,/content/drive/MyDrive/Forschungsseminar_Computergestützte_Analyse_Sozialer_Medien/Daten/RAW/Posts/DRTsMH5EYI5.jpg,Inside,0.99988806,True,0.99988806,2.9834619e-05,8.210857e-05
DSIXjWkkZo-,Inside,usa,/content/drive/MyDrive/Forschungsseminar_Computergestützte_Analyse_Sozialer_Medien/Daten/RAW/Posts/DSIXjWkkZo-.jpg,Inside,0.5921724,True,0.5921724,0.01944473,0.38838282
DS_UF-ViixG,Inside,usa,/content/drive/MyDrive/Forschungsseminar_Computergestützte_Analyse_Sozialer_Medien/Daten/RAW/Posts/DS_UF-ViixG.jpg,Inside,0.99271154,True,0.99271154,0.004239925,0.0030486018
DSDa8GFkSQ8,Outside,usa,/content/drive/MyDrive/Forschungsseminar_Computergestützte_Analyse_Sozialer_Medien/Daten/RAW/Posts/DSDa8GFkSQ8.jpg,Outside,0.9725724,True,0.0069708014,0.0204569,0.9725724
DS03lO8CiGH,Inside,usa,/content/drive/MyDrive/Forschungsseminar_Computergestützte_Analyse_Sozialer_Medien/Daten/RAW/Posts/DS03lO8CiGH.jpg,Inside,0.8517696,True,0.8517696,0.00469084,0.14353961
DTRS1PIkdjC,Inside,usa,/content/drive/MyDrive/Forschungsseminar_Computergestützte_Analyse_Sozialer_Medien/Daten/RAW/Posts/DTRS1PIkdjC.jpg,Inside,0.8424649,True,0.8424649,0.04122504,0.11630997
DSLy8jIj-G3,Outside,usa,/content/drive/MyDrive/Forschungsseminar_Computergestützte_Analyse_Sozialer_Medien/Daten/RAW/Posts/DSLy8jIj-G3.jpg,Outside,0.97496915,True,0.024084883,0.0009459232,0.97496915
DUcmgcEDYza,Inside,usa,/content/drive/MyDrive/Forschungsseminar_Computergestützte_Analyse_Sozialer_Medien/Daten/RAW/Posts/DUcmgcEDYza.jpg,Inside,0.9080557,True,0.9080557,0.031391084,0.06055324
DUmm6lKEZ3g,Inside,usa,/content/drive/MyDrive/Forschungsseminar_Computergestützte_Analyse_Sozialer_Medien/Daten/RAW/Posts/DUmm6lKEZ3g.jpg,Inside,0.9768375,True,0.9768375,0.0018473568,0.021315074
DUaUtWflY9g,Inside,usa,/content/drive/MyDrive/Forschungsseminar_Computergestützte_Analyse_Sozialer_Medien/Daten/RAW/Posts/DUaUtWflY9g.jpg,Inside,0.99978584,True,0.99978584,0.00012465671,8.946915e-05
DTuPbJGkdqL,Inside,usa,/content/drive/MyDrive/Forschungsseminar_Computergestützte_Analyse_Sozialer_Medien/Daten/RAW/Posts/DTuPbJGkdqL.jpg,Inside,0.9367552,True,0.9367552,0.027847702,0.035397165
DUoDwjZCXEq,Unsure,usa,/content/drive/MyDrive/Forschungsseminar_Computergestützte_Analyse_Sozialer_Medien/Daten/RAW/Posts/DUoDwjZCXEq.jpg,Inside,0.98713094,True,0.98713094,0.0114543205,0.0014148231
DTpFJCDDSIx,Inside,usa,/content/drive/MyDrive/Forschungsseminar_Computergestützte_Analyse_Sozialer_Medien/Daten/RAW/Posts/DTpFJCDDSIx.jpg,Inside,0.9984642,True,0.9984642,0.0012896206,0.00024614614
C-E_JDGt6PT,Inside,germany,/content/drive/MyDrive/Forschungsseminar_Computergestützte_Analyse_Sozialer_Medien/Daten/RAW/Posts/C-E_JDGt6PT.jpg,Inside,0.99997056,True,0.99997056,1.0823416e-05,1.8545763e-05
C40Md3zt4qI,Inside,germany,/content/drive/MyDrive/Forschungsseminar_Computergestützte_Analyse_Sozialer_Medien/Daten/RAW/Posts/C40Md3zt4qI.jpg,Inside,0.97401595,True,0.97401595,0.0013780165,0.024606002
C4jR-8vNLPI,Inside,germany,/content/drive/MyDrive/Forschungsseminar_Computergestützte_Analyse_Sozialer_Medien/Daten/RAW/Posts/C4jR-8vNLPI.jpg,Inside,0.94879204,True,0.94879204,0.0024878627,0.048720162
C454NHQN9K1,Inside,germany,/content/drive/MyDrive/Forschungsseminar_Computergestützte_Analyse_Sozialer_Medien/Daten/RAW/Posts/C454NHQN9K1.jpg,Inside,0.997038,True,0.997038,0.0028124475,0.00014950192
C5BMuUntgjk,Inside,germany,/content/drive/MyDrive/Forschungsseminar_Computergestützte_Analyse_Sozialer_Medien/Daten/RAW/Posts/C5BMuUntgjk.jpg,Inside,0.9998895,True,0.9998895,7.794487e-05,3.2541317e-05
C4qV9ZjNAwe,Inside,germany,/content/drive/MyDrive/Forschungsseminar_Computergestützte_Analyse_Sozialer_Medien/Daten/RAW/Posts/C4qV9ZjNAwe.jpg,Inside,0.9976311,True,0.9976311,0.00038976673,0.0019791909
C4gHr-sNzNy,Inside,germany,/content/drive/MyDrive/Forschungsseminar_Computergestützte_Analyse_Sozialer_Medien/Daten/RAW/Posts/C4gHr-sNzNy.jpg,Inside,0.9952852,True,0.9952852,0.0007662924,0.003948492
C4ukkYNtNip,Inside,germany,/content/drive/MyDrive/Forschungsseminar_Computergestützte_Analyse_Sozialer_Medien/Daten/RAW/Posts/C4ukkYNtNip.jpg,Inside,0.9953181,True,0.9953181,0.0026806116,0.002001311
C4ac8DityKJ,Inside,germany,/content/drive/MyDrive/Forschungsseminar_Computergestützte_Analyse_Sozialer_Medien/Daten/RAW/Posts/C4ac8DityKJ.jpg,Inside,0.99996245,True,0.99996245,2.307011e-05,1.4436548e-05
C4khOo7tjIT,Inside,germany,/content/drive/MyDrive/Forschungsseminar_Computergestützte_Analyse_Sozialer_Medien/Daten/RAW/Posts/C4khOo7tjIT.jpg,Inside,0.99647695,True,0.99647695,0.0030986005,0.0004244678
C5EgWXtsBSc,Inside,germany,/content/drive/MyDrive/Forschungsseminar_Computergestützte_Analyse_Sozialer_Medien/Daten/RAW/Posts/C5EgWXtsBSc.jpg,Inside,0.9987664,True,0.9987664,0.0009404476,0.00029314
C8XfJUQNay5,Inside,germany,/content/drive/MyDrive/Forschungsseminar_Computergestützte_Analyse_Sozialer_Medien/Daten/RAW/Posts/C8XfJUQNay5.jpg,Inside,0.9967719,True,0.9967719,0.0012131857,0.002014852
C4sxNautA0f,Inside,germany,/content/drive/MyDrive/Forschungsseminar_Computergestützte_Analyse_Sozialer_Medien/Daten/RAW/Posts/C4sxNautA0f.jpg,Inside,0.9998542,True,0.9998542,0.00013478394,1.09650855e-05
C90LktIMeEG,Inside,germany,/content/drive/MyDrive/Forschungsseminar_Computergestützte_Analyse_Sozialer_Medien/Daten/RAW/Posts/C90LktIMeEG.jpg,Inside,0.99800855,True,0.99800855,0.0006979135,0.0012935632
C6pBkIMNu6P,Inside,germany,/content/drive/MyDrive/Forschungsseminar_Computergestützte_Analyse_Sozialer_Medien/Daten/RAW/Posts/C6pBkIMNu6P.jpg,Inside,0.995148,True,0.995148,0.0015454652,0.0033064212
C97I5hItGgN,Inside,germany,/content/drive/MyDrive/Forschungsseminar_Computergestützte_Analyse_Sozialer_Medien/Daten/RAW/Posts/C97I5hItGgN.jpg,Inside,0.99318945,True,0.99318945,0.0066880193,0.00012252678
C5JNXk-tYO5,Inside,germany,/content/drive/MyDrive/Forschungsseminar_Computergestützte_Analyse_Sozialer_Medien/Daten/RAW/Posts/C5JNXk-tYO5.jpg,Inside,0.999785,True,0.999785,0.00016441496,5.0571874e-05
C68x-SBtNYt,Inside,germany,/content/drive/MyDrive/Forschungsseminar_Computergestützte_Analyse_Sozialer_Medien/Daten/RAW/Posts/C68x-SBtNYt.jpg,Inside,0.9984107,True,0.9984107,0.00094496657,0.0006442231
C_-tdHqtek3,Inside,germany,/content/drive/MyDrive/Forschungsseminar_Computergestützte_Analyse_Sozialer_Medien/Daten/RAW/Posts/C_-tdHqtek3.jpg,Inside,0.9993362,True,0.9993362,0.00052875315,0.00013513217
C5NrNN1teko,Inside,germany,/content/drive/MyDrive/Forschungsseminar_Computergestützte_Analyse_Sozialer_Medien/Daten/RAW/Posts/C5NrNN1teko.jpg,Inside,0.85098124,True,0.85098124,0.006605546,0.14241312
C_qKON9NWWa,Inside,germany,/content/drive/MyDrive/Forschungsseminar_Computergestützte_Analyse_Sozialer_Medien/Daten/RAW/Posts/C_qKON9NWWa.jpg,Inside,0.9999553,True,0.9999553,1.5068254e-05,2.970843e-05
C_iHh37NTc6,Inside,germany,/content/drive/MyDrive/Forschungsseminar_Computergestützte_Analyse_Sozialer_Medien/Daten/RAW/Posts/C_iHh37NTc6.jpg,Inside,0.99865377,True,0.99865377,0.0011163775,0.00022984427
C9uYQmxCkjR,Inside,germany,/content/drive/MyDrive/Forschungsseminar_Computergestützte_Analyse_Sozialer_Medien/Daten/RAW/Posts/C9uYQmxCkjR.jpg,Inside,0.977892,True,0.977892,0.007871348,0.014236714
C_ASff3iyqh,Inside,germany,/content/drive/MyDrive/Forschungsseminar_Computergestützte_Analyse_Sozialer_Medien/Daten/RAW/Posts/C_ASff3iyqh.jpg,Inside,0.9968868,True,0.9968868,0.0027959594,0.0003173019
DBJH5xPNTc5,Inside,germany,/content/drive/MyDrive/Forschungsseminar_Computergestützte_Analyse_Sozialer_Medien/Daten/RAW/Posts/DBJH5xPNTc5.jpg,Inside,0.99991465,True,0.99991465,6.4148015e-05,2.1180234e-05
DAa5OhjtwfX,Inside,germany,/content/drive/MyDrive/Forschungsseminar_Computergestützte_Analyse_Sozialer_Medien/Daten/RAW/Posts/DAa5OhjtwfX.jpg,Inside,0.9906861,True,0.9906861,0.0012726486,0.008041219
DBlaXZwNUcu,Inside,germany,/content/drive/MyDrive/Forschungsseminar_Computergestützte_Analyse_Sozialer_Medien/Daten/RAW/Posts/DBlaXZwNUcu.jpg,Inside,0.99866486,True,0.99866486,0.0012131231,0.00012207654
DBdiAWitd_I,Inside,germany,/content/drive/MyDrive/Forschungsseminar_Computergestützte_Analyse_Sozialer_Medien/Daten/RAW/Posts/DBdiAWitd_I.jpg,Inside,0.9997098,True,0.9997098,0.00022356703,6.6561755e-05
DAVbmJstxEo,Inside,germany,/content/drive/MyDrive/Forschungsseminar_Computergestützte_Analyse_Sozialer_Medien/Daten/RAW/Posts/DAVbmJstxEo.jpg,Inside,0.9839019,True,0.9839019,0.001077551,0.015020586
DC_RGNmN9_S,Inside,germany,/content/drive/MyDrive/Forschungsseminar_Computergestützte_Analyse_Sozialer_Medien/Daten/RAW/Posts/DC_RGNmN9_S.jpg,Inside,0.9996062,True,0.9996062,0.00033238603,6.144333e-05
DCv6xlDNc9Q,Inside,germany,/content/drive/MyDrive/Forschungsseminar_Computergestützte_Analyse_Sozialer_Medien/Daten/RAW/Posts/DCv6xlDNc9Q.jpg,Inside,0.99998283,True,0.99998283,8.810937e-06,8.285647e-06
DF0NDtfNKE4,Inside,germany,/content/drive/MyDrive/Forschungsseminar_Computergestützte_Analyse_Sozialer_Medien/Daten/RAW/Posts/DF0NDtfNKE4.jpg,Inside,0.99731606,True,0.99731606,0.0005014607,0.0021824213
DAxrDAyNaGC,Inside,germany,/content/drive/MyDrive/Forschungsseminar_Computergestützte_Analyse_Sozialer_Medien/Daten/RAW/Posts/DAxrDAyNaGC.jpg,Inside,0.99996996,True,0.99996996,2.372506e-05,6.3714733e-06
DDCd2KqN59m,Inside,germany,/content/drive/MyDrive/Forschungsseminar_Computergestützte_Analyse_Sozialer_Medien/Daten/RAW/Posts/DDCd2KqN59m.jpg,Inside,0.97956663,True,0.97956663,0.013859457,0.0065739187
DECcSudNmN0,Inside,germany,/content/drive/MyDrive/Forschungsseminar_Computergestützte_Analyse_Sozialer_Medien/Daten/RAW/Posts/DECcSudNmN0.jpg,Inside,0.91716737,True,0.91716737,0.081426814,0.0014058083
DDJoDiwt7mt,Inside,germany,/content/drive/MyDrive/Forschungsseminar_Computergestützte_Analyse_Sozialer_Medien/Daten/RAW/Posts/DDJoDiwt7mt.jpg,Inside,0.9999523,True,0.9999523,3.169692e-05,1.5944917e-05
DE798qgMABI,Inside,germany,/content/drive/MyDrive/Forschungsseminar_Computergestützte_Analyse_Sozialer_Medien/Daten/RAW/Posts/DE798qgMABI.jpg,Inside,0.99323845,True,0.99323845,0.0044266474,0.0023349707
DEMv3gEtalA,Inside,germany,/content/drive/MyDrive/Forschungsseminar_Computergestützte_Analyse_Sozialer_Medien/Daten/RAW/Posts/DEMv3gEtalA.jpg,Inside,0.9997938,True,0.9997938,0.00019218009,1.4081632e-05
DF26fqfM2zo,Inside,germany,/content/drive/MyDrive/Forschungsseminar_Computergestützte_Analyse_Sozialer_Medien/Daten/RAW/Posts/DF26fqfM2zo.jpg,Inside,0.99796486,True,0.99796486,0.001400392,0.0006348134
DI0kKfTsaIo,Inside,germany,/content/drive/MyDrive/Forschungsseminar_Computergestützte_Analyse_Sozialer_Medien/Daten/RAW/Posts/DI0kKfTsaIo.jpg,Inside,0.99995995,True,0.99995995,1.9863082e-05,2.0137222e-05
DFetpsJMAe6,Inside,germany,/content/drive/MyDrive/Forschungsseminar_Computergestützte_Analyse_Sozialer_Medien/Daten/RAW/Posts/DFetpsJMAe6.jpg,Inside,0.99972826,True,0.99972826,0.00023741402,3.434472e-05
DHBJEhqMxcO,Inside,germany,/content/drive/MyDrive/Forschungsseminar_Computergestützte_Analyse_Sozialer_Medien/Daten/RAW/Posts/DHBJEhqMxcO.jpg,Inside,0.8170035,True,0.8170035,0.03040634,0.1525902
DFK6RGgscNg,Inside,germany,/content/drive/MyDrive/Forschungsseminar_Computergestützte_Analyse_Sozialer_Medien/Daten/RAW/Posts/DFK6RGgscNg.jpg,Inside,0.9998456,True,0.9998456,5.9268667e-05,9.5122385e-05
DHi3k4StK_x,Inside,germany,/content/drive/MyDrive/Forschungsseminar_Computergestützte_Analyse_Sozialer_Medien/Daten/RAW/Posts/DHi3k4StK_x.jpg,Inside,0.9985489,True,0.9985489,0.0013657353,8.539232e-05
DI4K8thsLJt,Inside,germany,/content/drive/MyDrive/Forschungsseminar_Computergestützte_Analyse_Sozialer_Medien/Daten/RAW/Posts/DI4K8thsLJt.jpg,Inside,0.99982566,True,0.99982566,0.00015070231,2.3671826e-05
DGEY_3GMR9H,Inside,germany,/content/drive/MyDrive/Forschungsseminar_Computergestützte_Analyse_Sozialer_Medien/Daten/RAW/Posts/DGEY_3GMR9H.jpg,Inside,0.9993087,True,0.9993087,0.00067737006,1.3910095e-05
DMN1A6Kt2a3,Inside,germany,/content/drive/MyDrive/Forschungsseminar_Computergestützte_Analyse_Sozialer_Medien/Daten/RAW/Posts/DMN1A6Kt2a3.jpg,Inside,0.9074485,True,0.9074485,0.08980132,0.0027501334
DK4AqkqsS_9,Inside,germany,/content/drive/MyDrive/Forschungsseminar_Computergestützte_Analyse_Sozialer_Medien/Daten/RAW/Posts/DK4AqkqsS_9.jpg,Inside,0.9764399,True,0.9764399,0.008396464,0.015163675
DJzrbnvsqQK,Outside,germany,/content/drive/MyDrive/Forschungsseminar_Computergestützte_Analyse_Sozialer_Medien/Daten/RAW/Posts/DJzrbnvsqQK.jpg,Inside,0.9165086,True,0.9165086,0.050519552,0.032971866
DPEPvd5DOmE,Inside,germany,/content/drive/MyDrive/Forschungsseminar_Computergestützte_Analyse_Sozialer_Medien/Daten/RAW/Posts/DPEPvd5DOmE.jpg,Inside,0.9938777,True,0.9938777,0.005750307,0.00037199515
DUsw8rDDEN6,Outside,germany,/content/drive/MyDrive/Forschungsseminar_Computergestützte_Analyse_Sozialer_Medien/Daten/RAW/Posts/DUsw8rDDEN6.jpg,Outside,0.97212774,True,0.023143355,0.0047289245,0.97212774
DTBhRfajOyZ,Inside,germany,/content/drive/MyDrive/Forschungsseminar_Computergestützte_Analyse_Sozialer_Medien/Daten/RAW/Posts/DTBhRfajOyZ.jpg,Inside,0.9990206,True,0.9990206,0.00062579976,0.0003535809
DIN-AkQsjCn,Inside,germany,/content/drive/MyDrive/Forschungsseminar_Computergestützte_Analyse_Sozialer_Medien/Daten/RAW/Posts/DIN-AkQsjCn.jpg,Inside,0.999894,True,0.999894,9.532296e-05,1.0621967e-05
DRgr8WxjMz1,Inside,germany,/content/drive/MyDrive/Forschungsseminar_Computergestützte_Analyse_Sozialer_Medien/Daten/RAW/Posts/DRgr8WxjMz1.jpg,Inside,0.9990299,True,0.9990299,0.00084402016,0.00012610685
DPWhS-YkX8b,Inside,usa,/content/drive/MyDrive/Forschungsseminar_Computergestützte_Analyse_Sozialer_Medien/Daten/RAW/Posts/DPWhS-YkX8b.jpg,NotApplicable,0.51505625,True,0.4829324,0.51505625,0.0020113236
DPRXCCQkY3B,Inside,usa,/content/drive/MyDrive/Forschungsseminar_Computergestützte_Analyse_Sozialer_Medien/Daten/RAW/Posts/DPRXCCQkY3B.jpg,Inside,0.99882334,True,0.99882334,0.0005673173,0.00060923205
DPrL7ruEcjM,Inside,usa,/content/drive/MyDrive/Forschungsseminar_Computergestützte_Analyse_Sozialer_Medien/Daten/RAW/Posts/DPrL7ruEcjM.jpg,Inside,0.9947694,True,0.9947694,0.0016552142,0.0035753155
DP1cR_TEfgs,Inside,usa,/content/drive/MyDrive/Forschungsseminar_Computergestützte_Analyse_Sozialer_Medien/Daten/RAW/Posts/DP1cR_TEfgs.jpg,Inside,0.9904857,True,0.9904857,0.0012783095,0.008235958
DPjZMn4ETM2,Inside,usa,/content/drive/MyDrive/Forschungsseminar_Computergestützte_Analyse_Sozialer_Medien/Daten/RAW/Posts/DPjZMn4ETM2.jpg,Inside,0.937486,True,0.937486,0.0033873573,0.05912664
DPtyuRDEffU,Inside,usa,/content/drive/MyDrive/Forschungsseminar_Computergestützte_Analyse_Sozialer_Medien/Daten/RAW/Posts/DPtyuRDEffU.jpg,Inside,0.9600338,True,0.9600338,0.0010756621,0.038890574
DQo3wP8EaH9,Inside,usa,/content/drive/MyDrive/Forschungsseminar_Computergestützte_Analyse_Sozialer_Medien/Daten/RAW/Posts/DQo3wP8EaH9.jpg,Inside,0.95464635,True,0.95464635,0.017419996,0.027933696
DQ2HuAJkd4x,Inside,usa,/content/drive/MyDrive/Forschungsseminar_Computergestützte_Analyse_Sozialer_Medien/Daten/RAW/Posts/DQ2HuAJkd4x.jpg,Inside,0.9966011,True,0.9966011,0.00289065,0.0005082462
DQcSfSMkWOw,Inside,usa,/content/drive/MyDrive/Forschungsseminar_Computergestützte_Analyse_Sozialer_Medien/Daten/RAW/Posts/DQcSfSMkWOw.jpg,Inside,0.9990577,True,0.9990577,0.0008321908,0.00011003183
DQJ_5Z9kclL,Inside,usa,/content/drive/MyDrive/Forschungsseminar_Computergestützte_Analyse_Sozialer_Medien/Daten/RAW/Posts/DQJ_5Z9kclL.jpg,Inside,0.9958918,True,0.9958918,0.0011028543,0.0030053258
DQCWCE6EVd9,Inside,usa,/content/drive/MyDrive/Forschungsseminar_Computergestützte_Analyse_Sozialer_Medien/Daten/RAW/Posts/DQCWCE6EVd9.jpg,Inside,0.9924246,True,0.9924246,0.0013303374,0.0062450776
DQeg_V8EXZi,Outside,usa,/content/drive/MyDrive/Forschungsseminar_Computergestützte_Analyse_Sozialer_Medien/Daten/RAW/Posts/DQeg_V8EXZi.jpg,Outside,0.7549842,True,0.2433835,0.001632363,0.7549842
DQWtJrGERvz,Inside,usa,/content/drive/MyDrive/Forschungsseminar_Computergestützte_Analyse_Sozialer_Medien/Daten/RAW/Posts/DQWtJrGERvz.jpg,Inside,0.9842036,True,0.9842036,0.0038259425,0.011970555
DRfK-zbkWgC,Inside,usa,/content/drive/MyDrive/Forschungsseminar_Computergestützte_Analyse_Sozialer_Medien/Daten/RAW/Posts/DRfK-zbkWgC.jpg,Inside,0.9966518,True,0.9966518,0.0008197972,0.0025284544
DR7ZxRaEdel,Outside,usa,/content/drive/MyDrive/Forschungsseminar_Computergestützte_Analyse_Sozialer_Medien/Daten/RAW/Posts/DR7ZxRaEdel.jpg,Outside,0.9695211,True,0.021374196,0.009104746,0.9695211
DQRxvuFEQ2L,Inside,usa,/content/drive/MyDrive/Forschungsseminar_Computergestützte_Analyse_Sozialer_Medien/Daten/RAW/Posts/DQRxvuFEQ2L.jpg,Inside,0.99851674,True,0.99851674,0.00065879856,0.00082441524
DQPS_rJkRG5,Inside,usa,/content/drive/MyDrive/Forschungsseminar_Computergestützte_Analyse_Sozialer_Medien/Daten/RAW/Posts/DQPS_rJkRG5.jpg,Inside,0.9863028,True,0.9863028,0.002467799,0.011229373
DRsDJgTkQqj,Inside,usa,/content/drive/MyDrive/Forschungsseminar_Computergestützte_Analyse_Sozialer_Medien/Daten/RAW/Posts/DRsDJgTkQqj.jpg,Inside,0.9999361,True,0.9999361,4.6773763e-05,1.7161989e-05
DSfcqW5kSDv,Inside,usa,/content/drive/MyDrive/Forschungsseminar_Computergestützte_Analyse_Sozialer_Medien/Daten/RAW/Posts/DSfcqW5kSDv.jpg,Inside,0.9955739,True,0.9955739,0.0028130487,0.0016130857
DRuchsxkVIb,Inside,usa,/content/drive/MyDrive/Forschungsseminar_Computergestützte_Analyse_Sozialer_Medien/Daten/RAW/Posts/DRuchsxkVIb.jpg,Inside,0.99890757,True,0.99890757,0.00087945163,0.0002129948
DSaTkKQkfBF,Inside,usa,/content/drive/MyDrive/Forschungsseminar_Computergestützte_Analyse_Sozialer_Medien/Daten/RAW/Posts/DSaTkKQkfBF.jpg,Inside,0.9963897,True,0.9963897,0.0010084949,0.0026017388
DSDPDENkfYu,Inside,usa,/content/drive/MyDrive/Forschungsseminar_Computergestützte_Analyse_Sozialer_Medien/Daten/RAW/Posts/DSDPDENkfYu.jpg,Inside,0.99712026,True,0.99712026,0.0022652273,0.0006144816
DS7z7fHEeng,Inside,usa,/content/drive/MyDrive/Forschungsseminar_Computergestützte_Analyse_Sozialer_Medien/Daten/RAW/Posts/DS7z7fHEeng.jpg,Inside,0.9804437,True,0.9804437,0.002276313,0.017279893
DT1HKxAEbEV,Inside,usa,/content/drive/MyDrive/Forschungsseminar_Computergestützte_Analyse_Sozialer_Medien/Daten/RAW/Posts/DT1HKxAEbEV.jpg,Inside,0.99985623,True,0.99985623,0.00011962375,2.4127552e-05
DSNfIDNEQN9,Inside,usa,/content/drive/MyDrive/Forschungsseminar_Computergestützte_Analyse_Sozialer_Medien/Daten/RAW/Posts/DSNfIDNEQN9.jpg,Inside,0.86980706,True,0.86980706,0.07095322,0.059239723
DSK6j7PEdh8,Inside,usa,/content/drive/MyDrive/Forschungsseminar_Computergestützte_Analyse_Sozialer_Medien/Daten/RAW/Posts/DSK6j7PEdh8.jpg,Inside,0.9896198,True,0.9896198,0.0070697046,0.0033105505
DT0e6bFkdJi,Outside,usa,/content/drive/MyDrive/Forschungsseminar_Computergestützte_Analyse_Sozialer_Medien/Daten/RAW/Posts/DT0e6bFkdJi.jpg,Outside,0.86180437,True,0.13108099,0.0071147564,0.86180437
DSknZC0EX28,Inside,usa,/content/drive/MyDrive/Forschungsseminar_Computergestützte_Analyse_Sozialer_Medien/Daten/RAW/Posts/DSknZC0EX28.jpg,Inside,0.9977968,True,0.9977968,0.002029863,0.00017337725
DSz9bXhkQm_,Inside,usa,/content/drive/MyDrive/Forschungsseminar_Computergestützte_Analyse_Sozialer_Medien/Daten/RAW/Posts/DSz9bXhkQm_.jpg,Inside,0.9685448,True,0.9685448,0.00039310358,0.031062042
DSF4_k-EV04,Inside,usa,/content/drive/MyDrive/Forschungsseminar_Computergestützte_Analyse_Sozialer_Medien/Daten/RAW/Posts/DSF4_k-EV04.jpg,Inside,0.99737513,True,0.99737513,0.0003253292,0.0022995677
DTf-yIpEfOn,Inside,usa,/content/drive/MyDrive/Forschungsseminar_Computergestützte_Analyse_Sozialer_Medien/Daten/RAW/Posts/DTf-yIpEfOn.jpg,Inside,0.99089783,True,0.99089783,0.008237704,0.00086442975
DUQ1vogETJM,Inside,usa,/content/drive/MyDrive/Forschungsseminar_Computergestützte_Analyse_Sozialer_Medien/Daten/RAW/Posts/DUQ1vogETJM.jpg,Inside,0.9993918,True,0.9993918,0.0003653981,0.00024278376
DUvxuvdkT7R,Inside,usa,/content/drive/MyDrive/Forschungsseminar_Computergestützte_Analyse_Sozialer_Medien/Daten/RAW/Posts/DUvxuvdkT7R.jpg,Inside,0.99986374,True,0.99986374,0.00012391705,1.2328331e-05
DTGMQk-ka-k,Inside,usa,/content/drive/MyDrive/Forschungsseminar_Computergestützte_Analyse_Sozialer_Medien/Daten/RAW/Posts/DTGMQk-ka-k.jpg,Inside,0.997584,True,0.997584,0.00025685824,0.0021591347
DUGkkSIETr3,Inside,usa,/content/drive/MyDrive/Forschungsseminar_Computergestützte_Analyse_Sozialer_Medien/Daten/RAW/Posts/DUGkkSIETr3.jpg,Inside,0.9998292,True,0.9998292,0.00014007026,3.0734307e-05
DTTBE4MEW6F,Inside,usa,/content/drive/MyDrive/Forschungsseminar_Computergestützte_Analyse_Sozialer_Medien/Daten/RAW/Posts/DTTBE4MEW6F.jpg,Inside,0.9963987,True,0.9963987,0.001655361,0.0019459826
DUdsTN2kTGf,Inside,usa,/content/drive/MyDrive/Forschungsseminar_Computergestützte_Analyse_Sozialer_Medien/Daten/RAW/Posts/DUdsTN2kTGf.jpg,Inside,0.99901295,True,0.99901295,0.0004686673,0.0005183528
DE9oYPQNkyr,Inside,germany,/content/drive/MyDrive/Forschungsseminar_Computergestützte_Analyse_Sozialer_Medien/Daten/RAW/Posts/DE9oYPQNkyr.jpg,Inside,0.98273563,True,0.98273563,0.013633866,0.00363055
CbQRvDuOQ1G,Outside,germany,/content/drive/MyDrive/Forschungsseminar_Computergestützte_Analyse_Sozialer_Medien/Daten/RAW/Posts/CbQRvDuOQ1G.jpg,Outside,0.89436364,True,0.066149004,0.03948728,0.89436364
CWYjX3kL2MI,Outside,germany,/content/drive/MyDrive/Forschungsseminar_Computergestützte_Analyse_Sozialer_Medien/Daten/RAW/Posts/CWYjX3kL2MI.jpg,Outside,0.9941619,True,0.0039966893,0.0018412994,0.9941619
DFqLvuztlyu,Inside,germany,/content/drive/MyDrive/Forschungsseminar_Computergestützte_Analyse_Sozialer_Medien/Daten/RAW/Posts/DFqLvuztlyu.jpg,Inside,0.9030678,True,0.9030678,0.09294977,0.003982392
DKhx0MItNp3,Inside,germany,/content/drive/MyDrive/Forschungsseminar_Computergestützte_Analyse_Sozialer_Medien/Daten/RAW/Posts/DKhx0MItNp3.jpg,Inside,0.8370451,True,0.8370451,0.015434973,0.14751993
CSuMBMfH-x-,Inside,germany,/content/drive/MyDrive/Forschungsseminar_Computergestützte_Analyse_Sozialer_Medien/Daten/RAW/Posts/CSuMBMfH-x-.jpg,Inside,0.9628091,True,0.9628091,0.0069186753,0.030272217
DK-O-YtNOVu,NotApplicable,germany,/content/drive/MyDrive/Forschungsseminar_Computergestützte_Analyse_Sozialer_Medien/Daten/RAW/Posts/DK-O-YtNOVu.jpg,NotApplicable,0.99112064,True,0.003863828,0.99112064,0.005015541
DF3Vls7tOCD,Inside,germany,/content/drive/MyDrive/Forschungsseminar_Computergestützte_Analyse_Sozialer_Medien/Daten/RAW/Posts/DF3Vls7tOCD.jpg,Inside,0.9765064,True,0.9765064,0.022911318,0.00058227475
DK6faugtByz,Inside,germany,/content/drive/MyDrive/Forschungsseminar_Computergestützte_Analyse_Sozialer_Medien/Daten/RAW/Posts/DK6faugtByz.jpg,Inside,0.9870094,True,0.9870094,0.0051850337,0.007805489
DKobLmltja3,Inside,germany,/content/drive/MyDrive/Forschungsseminar_Computergestützte_Analyse_Sozialer_Medien/Daten/RAW/Posts/DKobLmltja3.jpg,NotApplicable,0.52676624,True,0.44383115,0.52676624,0.029402573
DL77IJ4NWYA,Inside,germany,/content/drive/MyDrive/Forschungsseminar_Computergestützte_Analyse_Sozialer_Medien/Daten/RAW/Posts/DL77IJ4NWYA.jpg,Inside,0.9995363,True,0.9995363,5.4859036e-05,0.00040888865
DFijCuDNPXy,Inside,germany,/content/drive/MyDrive/Forschungsseminar_Computergestützte_Analyse_Sozialer_Medien/Daten/RAW/Posts/DFijCuDNPXy.jpg,Inside,0.9890476,True,0.9890476,0.003642318,0.007310173
DLnTWyOtc6D,Inside,germany,/content/drive/MyDrive/Forschungsseminar_Computergestützte_Analyse_Sozialer_Medien/Daten/RAW/Posts/DLnTWyOtc6D.jpg,Inside,0.9144804,True,0.9144804,0.04298969,0.04252998
DMLLF6oti7r,Outside,germany,/content/drive/MyDrive/Forschungsseminar_Computergestützte_Analyse_Sozialer_Medien/Daten/RAW/Posts/DMLLF6oti7r.jpg,Outside,0.9803908,True,0.01241669,0.007192495,0.9803908
DLk4H18tlhj,Outside,germany,/content/drive/MyDrive/Forschungsseminar_Computergestützte_Analyse_Sozialer_Medien/Daten/RAW/Posts/DLk4H18tlhj.jpg,Outside,0.96245605,True,0.0020449976,0.035498936,0.96245605
DKzoEaYt4PO,Outside,germany,/content/drive/MyDrive/Forschungsseminar_Computergestützte_Analyse_Sozialer_Medien/Daten/RAW/Posts/DKzoEaYt4PO.jpg,Outside,0.9963695,True,0.0026960776,0.00093438505,0.9963695
DLDWs4bNNIa,Outside,germany,/content/drive/MyDrive/Forschungsseminar_Computergestützte_Analyse_Sozialer_Medien/Daten/RAW/Posts/DLDWs4bNNIa.jpg,Outside,0.9840755,True,0.008342661,0.0075818067,0.9840755
DLKsSN7NvZb,Inside,germany,/content/drive/MyDrive/Forschungsseminar_Computergestützte_Analyse_Sozialer_Medien/Daten/RAW/Posts/DLKsSN7NvZb.jpg,Inside,0.9975787,True,0.9975787,0.00043543903,0.0019858782
DLvKUUKtx5o,Outside,germany,/content/drive/MyDrive/Forschungsseminar_Computergestützte_Analyse_Sozialer_Medien/Daten/RAW/Posts/DLvKUUKtx5o.jpg,Outside,0.9946302,True,0.004295848,0.0010738672,0.9946302
DMYJhkntxVT,Outside,germany,/content/drive/MyDrive/Forschungsseminar_Computergestützte_Analyse_Sozialer_Medien/Daten/RAW/Posts/DMYJhkntxVT.jpg,Outside,0.8655378,True,0.10752967,0.02693246,0.8655378
DMQhPcDtpOH,Inside,germany,/content/drive/MyDrive/Forschungsseminar_Computergestützte_Analyse_Sozialer_Medien/Daten/RAW/Posts/DMQhPcDtpOH.jpg,Inside,0.9469495,True,0.9469495,0.006512485,0.046538044
DL5NAxINrTN,Inside,germany,/content/drive/MyDrive/Forschungsseminar_Computergestützte_Analyse_Sozialer_Medien/Daten/RAW/Posts/DL5NAxINrTN.jpg,Inside,0.99280506,True,0.99280506,0.006365767,0.0008291412
DLX7YUdNmoc,Inside,germany,/content/drive/MyDrive/Forschungsseminar_Computergestützte_Analyse_Sozialer_Medien/Daten/RAW/Posts/DLX7YUdNmoc.jpg,Inside,0.99765104,True,0.99765104,0.00053698034,0.0018119959
DLQGNq7NwgI,Outside,germany,/content/drive/MyDrive/Forschungsseminar_Computergestützte_Analyse_Sozialer_Medien/Daten/RAW/Posts/DLQGNq7NwgI.jpg,Outside,0.9997298,True,0.00017064916,9.9538396e-05,0.9997298
DMGBnM6tjt2,Inside,germany,/content/drive/MyDrive/Forschungsseminar_Computergestützte_Analyse_Sozialer_Medien/Daten/RAW/Posts/DMGBnM6tjt2.jpg,Inside,0.9831691,True,0.9831691,0.006211215,0.010619801
C5eLlXzrkhC,Outside,germany,/content/drive/MyDrive/Forschungsseminar_Computergestützte_Analyse_Sozialer_Medien/Daten/RAW/Posts/C5eLlXzrkhC.jpg,Outside,0.9453283,True,0.006252846,0.04841883,0.9453283
DAYerY7NvPd,Outside,germany,/content/drive/MyDrive/Forschungsseminar_Computergestützte_Analyse_Sozialer_Medien/Daten/RAW/Posts/DAYerY7NvPd.jpg,Outside,0.98983485,True,0.007879781,0.0022853287,0.98983485
C_KZtb4tEVJ,Inside,germany,/content/drive/MyDrive/Forschungsseminar_Computergestützte_Analyse_Sozialer_Medien/Daten/RAW/Posts/C_KZtb4tEVJ.jpg,Inside,0.9835385,True,0.9835385,0.014818103,0.0016433458
C_ICrjEtZMx,Inside,germany,/content/drive/MyDrive/Forschungsseminar_Computergestützte_Analyse_Sozialer_Medien/Daten/RAW/Posts/C_ICrjEtZMx.jpg,Inside,0.9435691,True,0.9435691,0.009932601,0.04649821
C_I5n1PNpV7,Outside,germany,/content/drive/MyDrive/Forschungsseminar_Computergestützte_Analyse_Sozialer_Medien/Daten/RAW/Posts/C_I5n1PNpV7.jpg,Outside,0.99787474,True,0.0014644018,0.0006608711,0.99787474
DHVFhGYt1_1,Outside,germany,/content/drive/MyDrive/Forschungsseminar_Computergestützte_Analyse_Sozialer_Medien/Daten/RAW/Posts/DHVFhGYt1_1.jpg,Outside,0.968631,True,0.0033580407,0.028010909,0.968631
C_FxK4kNEjj,Outside,germany,/content/drive/MyDrive/Forschungsseminar_Computergestützte_Analyse_Sozialer_Medien/Daten/RAW/Posts/C_FxK4kNEjj.jpg,Outside,0.9233652,True,0.06061078,0.016024116,0.9233652
DC3cr1_NffZ,Unsure,germany,/content/drive/MyDrive/Forschungsseminar_Computergestützte_Analyse_Sozialer_Medien/Daten/RAW/Posts/DC3cr1_NffZ.jpg,Inside,0.6113616,True,0.6113616,0.19679664,0.19184175
C_EOXdstG5n,Outside,germany,/content/drive/MyDrive/Forschungsseminar_Computergestützte_Analyse_Sozialer_Medien/Daten/RAW/Posts/C_EOXdstG5n.jpg,Outside,0.9991242,True,0.00032156362,0.0005542036,0.9991242
C_clgWtNuWN,Outside,germany,/content/drive/MyDrive/Forschungsseminar_Computergestützte_Analyse_Sozialer_Medien/Daten/RAW/Posts/C_clgWtNuWN.jpg,Outside,0.9958538,True,0.0034423594,0.0007039065,0.9958538
C_F3pGCtmPi,Outside,germany,/content/drive/MyDrive/Forschungsseminar_Computergestützte_Analyse_Sozialer_Medien/Daten/RAW/Posts/C_F3pGCtmPi.jpg,Outside,0.9998827,True,1.4252288e-05,0.000102997765,0.9998827
C_DUV_-NNOy,Outside,germany,/content/drive/MyDrive/Forschungsseminar_Computergestützte_Analyse_Sozialer_Medien/Daten/RAW/Posts/C_DUV_-NNOy.jpg,Outside,0.98278975,True,0.0071957787,0.010014417,0.98278975
DA0je1Htbfc,Outside,germany,/content/drive/MyDrive/Forschungsseminar_Computergestützte_Analyse_Sozialer_Medien/Daten/RAW/Posts/DA0je1Htbfc.jpg,Outside,0.9315874,True,0.04845694,0.019955765,0.9315874
C_xFKdtN0oW,Inside,germany,/content/drive/MyDrive/Forschungsseminar_Computergestützte_Analyse_Sozialer_Medien/Daten/RAW/Posts/C_xFKdtN0oW.jpg,Inside,0.99911696,True,0.99911696,0.0005671468,0.0003158118
DAsRKp1NGln,Outside,germany,/content/drive/MyDrive/Forschungsseminar_Computergestützte_Analyse_Sozialer_Medien/Daten/RAW/Posts/DAsRKp1NGln.jpg,Outside,0.9941474,True,0.005797535,5.499195e-05,0.9941474
DC6aBlYtrVj,Inside,germany,/content/drive/MyDrive/Forschungsseminar_Computergestützte_Analyse_Sozialer_Medien/Daten/RAW/Posts/DC6aBlYtrVj.jpg,Outside,0.6334516,True,0.35607967,0.01046874,0.6334516
DAEd6RgNkxr,Inside,germany,/content/drive/MyDrive/Forschungsseminar_Computergestützte_Analyse_Sozialer_Medien/Daten/RAW/Posts/DAEd6RgNkxr.jpg,Inside,0.5708918,True,0.5708918,0.42651144,0.002596735
DC8erVtiv7w,Inside,germany,/content/drive/MyDrive/Forschungsseminar_Computergestützte_Analyse_Sozialer_Medien/Daten/RAW/Posts/DC8erVtiv7w.jpg,Inside,0.8017733,True,0.8017733,0.06371836,0.1345083
C_NCqdhtqrC,Inside,germany,/content/drive/MyDrive/Forschungsseminar_Computergestützte_Analyse_Sozialer_Medien/Daten/RAW/Posts/C_NCqdhtqrC.jpg,Inside,0.99885476,True,0.99885476,0.0006837667,0.00046149653
DPmCWOmkeq_,Inside,usa,/content/drive/MyDrive/Forschungsseminar_Computergestützte_Analyse_Sozialer_Medien/Daten/RAW/Posts/DPmCWOmkeq_.jpg,Inside,0.99936634,True,0.99936634,0.0005945686,3.9082035e-05
C94HHLJqvdy,,germany,/content/drive/MyDrive/Forschungsseminar_Computergestützte_Analyse_Sozialer_Medien/Daten/RAW/Posts/C94HHLJqvdy.jpg,Inside,0.80842465,True,0.80842465,0.04523228,0.14634305
CdGQ4VSjKhK,Inside,usa,/content/drive/MyDrive/Forschungsseminar_Computergestützte_Analyse_Sozialer_Medien/Daten/RAW/Posts/CdGQ4VSjKhK.jpg,Inside,0.9815073,True,0.9815073,0.010400153,0.008092548
CfsEwEhDnwx,Inside,usa,/content/drive/MyDrive/Forschungsseminar_Computergestützte_Analyse_Sozialer_Medien/Daten/RAW/Posts/CfsEwEhDnwx.jpg,Inside,0.9913623,True,0.9913623,0.007877082,0.00076076004
ChsuCekDL2O,Inside,usa,/content/drive/MyDrive/Forschungsseminar_Computergestützte_Analyse_Sozialer_Medien/Daten/RAW/Posts/ChsuCekDL2O.jpg,Inside,0.995197,True,0.995197,0.0007068679,0.004096142
Cc_XQhDDl_2,Inside,usa,/content/drive/MyDrive/Forschungsseminar_Computergestützte_Analyse_Sozialer_Medien/Daten/RAW/Posts/Cc_XQhDDl_2.jpg,Inside,0.98665524,True,0.98665524,0.0037941611,0.009550646
Cc6tL6rjEaz,Inside,usa,/content/drive/MyDrive/Forschungsseminar_Computergestützte_Analyse_Sozialer_Medien/Daten/RAW/Posts/Cc6tL6rjEaz.jpg,Inside,0.9985727,True,0.9985727,0.0006852406,0.0007421208
CnP5dkWKy8V,Inside,usa,/content/drive/MyDrive/Forschungsseminar_Computergestützte_Analyse_Sozialer_Medien/Daten/RAW/Posts/CnP5dkWKy8V.jpg,Inside,0.7659987,True,0.7659987,0.094697945,0.1393033
Cd_88c8DGE1,Inside,usa,/content/drive/MyDrive/Forschungsseminar_Computergestützte_Analyse_Sozialer_Medien/Daten/RAW/Posts/Cd_88c8DGE1.jpg,NotApplicable,0.9597833,True,0.02370437,0.9597833,0.016512306
CdCDWG8D_TX,Inside,usa,/content/drive/MyDrive/Forschungsseminar_Computergestützte_Analyse_Sozialer_Medien/Daten/RAW/Posts/CdCDWG8D_TX.jpg,Inside,0.98859066,True,0.98859066,0.0036383064,0.0077710226
DPmhfLuDX73,Inside,usa,/content/drive/MyDrive/Forschungsseminar_Computergestützte_Analyse_Sozialer_Medien/Daten/RAW/Posts/DPmhfLuDX73.jpg,Outside,0.45735955,True,0.45122427,0.091416255,0.45735955
DP9HK1GDkA1,Inside,usa,/content/drive/MyDrive/Forschungsseminar_Computergestützte_Analyse_Sozialer_Medien/Daten/RAW/Posts/DP9HK1GDkA1.jpg,Inside,0.9955961,True,0.9955961,0.0007848172,0.0036190525
C25MvhyRmJl,Inside,usa,/content/drive/MyDrive/Forschungsseminar_Computergestützte_Analyse_Sozialer_Medien/Daten/RAW/Posts/C25MvhyRmJl.jpg,Inside,0.9296477,True,0.9296477,0.06860498,0.0017473467
C4I-06NLCbx,Inside,usa,/content/drive/MyDrive/Forschungsseminar_Computergestützte_Analyse_Sozialer_Medien/Daten/RAW/Posts/C4I-06NLCbx.jpg,Inside,0.98274994,True,0.98274994,0.016651679,0.0005984188
Cs9SIt1JtzH,Inside,usa,/content/drive/MyDrive/Forschungsseminar_Computergestützte_Analyse_Sozialer_Medien/Daten/RAW/Posts/Cs9SIt1JtzH.jpg,Inside,0.9559564,True,0.9559564,0.019825915,0.02421773
C8-EreGvCD0,Inside,usa,/content/drive/MyDrive/Forschungsseminar_Computergestützte_Analyse_Sozialer_Medien/Daten/RAW/Posts/C8-EreGvCD0.jpg,Inside,0.84836197,True,0.84836197,0.08990125,0.061736867
C7SWVVvySZB,Inside,usa,/content/drive/MyDrive/Forschungsseminar_Computergestützte_Analyse_Sozialer_Medien/Daten/RAW/Posts/C7SWVVvySZB.jpg,Inside,0.96764666,True,0.96764666,0.031892624,0.00046069693
C3DfjfNOddq,Inside,usa,/content/drive/MyDrive/Forschungsseminar_Computergestützte_Analyse_Sozialer_Medien/Daten/RAW/Posts/C3DfjfNOddq.jpg,Inside,0.8657199,True,0.8657199,0.12056548,0.013714553
CuKuKR1rqZC,Inside,usa,/content/drive/MyDrive/Forschungsseminar_Computergestützte_Analyse_Sozialer_Medien/Daten/RAW/Posts/CuKuKR1rqZC.jpg,Inside,0.9702489,True,0.9702489,0.025329651,0.0044214088
CvLCzcSLCXW,Inside,usa,/content/drive/MyDrive/Forschungsseminar_Computergestützte_Analyse_Sozialer_Medien/Daten/RAW/Posts/CvLCzcSLCXW.jpg,Inside,0.99315083,True,0.99315083,0.0010116582,0.0058375024
C8XvMaYyOQ3,Inside,usa,/content/drive/MyDrive/Forschungsseminar_Computergestützte_Analyse_Sozialer_Medien/Daten/RAW/Posts/C8XvMaYyOQ3.jpg,Inside,0.70784754,True,0.70784754,0.20913221,0.08302022
C9QMe2uSvHB,Inside,usa,/content/drive/MyDrive/Forschungsseminar_Computergestützte_Analyse_Sozialer_Medien/Daten/RAW/Posts/C9QMe2uSvHB.jpg,Inside,0.5114498,True,0.5114498,0.4792016,0.009348557
DBXTLzSSYwR,Inside,usa,/content/drive/MyDrive/Forschungsseminar_Computergestützte_Analyse_Sozialer_Medien/Daten/RAW/Posts/DBXTLzSSYwR.jpg,Inside,0.8871826,True,0.8871826,0.08806687,0.024750462
Cswh-0ZO3Fs,,usa,/content/drive/MyDrive/Forschungsseminar_Computergestützte_Analyse_Sozialer_Medien/Daten/RAW/Posts/Cswh-0ZO3Fs.jpg,Inside,0.6437356,True,0.6437356,0.068656854,0.28760752
Ctt-wScgrsn,NotApplicable,usa,/content/drive/MyDrive/Forschungsseminar_Computergestützte_Analyse_Sozialer_Medien/Daten/RAW/Posts/Ctt-wScgrsn.jpg,NotApplicable,0.9381279,True,0.037762646,0.9381279,0.024109494
DSDq0rBkhU3,Outside,usa,/content/drive/MyDrive/Forschungsseminar_Computergestützte_Analyse_Sozialer_Medien/Daten/RAW/Posts/DSDq0rBkhU3.jpg,Outside,0.8640298,True,0.010491952,0.12547822,0.8640298
DPXY86HgWqD,Inside,usa,/content/drive/MyDrive/Forschungsseminar_Computergestützte_Analyse_Sozialer_Medien/Daten/RAW/Posts/DPXY86HgWqD.jpg,Outside,0.661276,True,0.29772925,0.040994726,0.661276
DTf-MMuksEH,Inside,usa,/content/drive/MyDrive/Forschungsseminar_Computergestützte_Analyse_Sozialer_Medien/Daten/RAW/Posts/DTf-MMuksEH.jpg,Inside,0.7679566,True,0.7679566,0.1812335,0.0508099
DOry92MDM1f,Inside,usa,/content/drive/MyDrive/Forschungsseminar_Computergestützte_Analyse_Sozialer_Medien/Daten/RAW/Posts/DOry92MDM1f.jpg,Inside,0.9340028,True,0.9340028,0.031228814,0.03476835
DR2mBKKFCUq,Outside,usa,/content/drive/MyDrive/Forschungsseminar_Computergestützte_Analyse_Sozialer_Medien/Daten/RAW/Posts/DR2mBKKFCUq.jpg,Outside,0.6876945,True,0.070398286,0.24190721,0.6876945
DPhFefsicxd,Outside,usa,/content/drive/MyDrive/Forschungsseminar_Computergestützte_Analyse_Sozialer_Medien/Daten/RAW/Posts/DPhFefsicxd.jpg,Outside,0.44955269,True,0.19128338,0.35916388,0.44955269
